gender,SeniorCitizen,Partner,Dependents,tenure,PhoneService,PaperlessBilling,MonthlyCharges,TotalCharges,MultipleLines_No phone service,MultipleLines_Yes,InternetService_Fiber optic,InternetService_No,OnlineSecurity_No internet service,OnlineSecurity_Yes,OnlineBackup_No internet service,OnlineBackup_Yes,DeviceProtection_No internet service,DeviceProtection_Yes,TechSupport_No internet service,TechSupport_Yes,StreamingTV_No internet service,StreamingTV_Yes,StreamingMovies_No internet service,StreamingMovies_Yes,Contract_One year,Contract_Two year,PaymentMethod_Credit card (automatic),PaymentMethod_Electronic check,PaymentMethod_Mailed check,actual_churn,predicted_churn,churn_probability,risk_band
1,0,1,1,72,1,1,114.05,8468.2,0,1,1,0,0,1,0,1,0,1,0,1,0,1,0,1,0,1,1,0,0,0,0,0.11556796887663659,Low
0,1,0,0,8,1,1,100.15,908.55,0,1,1,0,0,0,0,0,0,0,0,1,0,1,0,1,0,0,1,0,0,0,1,0.8518676667702194,High
0,0,1,1,41,1,1,78.35,3211.2,0,1,0,0,0,1,0,1,0,1,0,0,0,1,0,0,1,0,1,0,0,0,0,0.1619793116398622,Low
1,0,1,0,18,1,0,78.2,1468.75,0,0,1,0,0,0,0,0,0,1,0,1,0,0,0,0,0,0,0,1,0,0,1,0.6438786225439226,High
0,0,1,0,72,1,1,82.65,5919.35,0,1,0,0,0,1,0,1,0,1,0,0,0,1,0,1,0,1,1,0,0,0,0,0.05627761245027438,Low
0,0,0,0,21,1,1,99.85,1992.55,0,1,1,0,0,0,0,1,0,0,0,0,0,1,0,1,0,0,1,0,0,0,1,0.8043214916734296,High
0,0,0,0,21,1,1,99.15,1956.4,0,0,1,0,0,0,0,1,0,0,0,1,0,1,0,1,0,0,0,0,0,0,1,0.6889616485733404,High
1,0,0,1,19,1,1,24.1,439.2,0,1,0,1,1,0,1,0,1,0,1,0,1,0,1,0,0,0,1,0,0,0,0,0.28517859066794304,Low
0,0,1,1,61,1,0,19.75,1311.6,0,0,0,1,1,0,1,0,1,0,1,0,1,0,1,0,0,1,1,0,0,0,0,0.008786061887228806,Low
1,1,0,0,17,1,1,45.05,770.6,0,0,0,0,0,0,0,0,0,0,0,0,0,0,0,0,0,0,0,1,0,1,1,0.6528580864288601,High
1,0,1,1,70,1,1,106.05,7554.05,0,1,1,0,0,1,0,1,0,0,0,0,0,1,0,1,0,0,0,1,0,0,1,0.531908631541236,Medium
0,1,1,0,72,1,1,114.85,8317.95,0,1,1,0,0,1,0,1,0,1,0,1,0,1,0,1,0,1,0,0,0,0,0,0.1537640594664835,Low
1,0,0,0,49,0,1,30.2,1453.1,1,0,0,0,0,0,0,0,0,1,0,0,0,0,0,0,0,0,0,0,0,0,0,0.30561253223981677,Medium
0,1,0,0,11,1,1,84.8,906.85,0,1,1,0,0,0,0,0,0,0,0,0,0,0,0,1,0,0,1,0,0,1,1,0.8522686385102245,High
0,0,0,1,19,1,0,48.8,953.65,0,0,0,0,0,0,0,0,0,0,0,1,0,0,0,0,0,0,0,0,1,0,0,0.2880606849774056,Low
1,0,1,1,72,1,1,84.5,6130.85,0,1,1,0,0,0,0,0,0,0,0,0,0,0,0,1,0,1,1,0,0,0,0,0.14757700580516958,Low
0,0,1,1,8,1,0,19.5,159.35,0,0,0,1,1,0,1,0,1,0,1,0,1,0,1,0,0,1,0,0,0,0,0,0.07854474160944688,Low
1,0,0,1,15,1,1,91.0,1430.05,0,1,1,0,0,0,0,1,0,0,0,0,0,1,0,0,0,0,0,1,0,0,1,0.8255815852428661,High
0,0,1,0,67,1,1,105.7,6816.95,0,1,1,0,0,0,0,1,0,1,0,0,0,1,0,1,1,0,0,0,0,0,0,0.3888571184265827,Medium
0,0,1,0,26,0,0,35.4,978.6,1,0,0,0,0,1,0,0,0,1,0,0,0,0,0,0,1,0,1,0,0,0,0,0.20914048815437253,Low
1,1,0,0,2,1,1,74.85,156.4,0,1,1,0,0,0,0,0,0,0,0,0,0,0,0,0,0,0,0,0,1,1,1,0.8656115057900506,High
0,0,1,0,21,0,0,28.5,629.35,1,0,0,0,0,1,0,0,0,0,0,0,0,0,0,0,0,0,0,1,0,0,0,0.49712070994834107,Medium
0,0,1,0,49,1,1,20.05,923.1,0,0,0,1,1,0,1,0,1,0,1,0,1,0,1,0,1,0,0,0,0,0,0,0.04885353792055227,Low
1,0,1,1,21,1,0,19.8,350.1,0,0,0,1,1,0,1,0,1,0,1,0,1,0,1,0,1,0,0,0,1,0,0,0.09559007326845409,Low
0,0,1,0,51,1,0,69.15,3649.6,0,0,1,0,0,0,0,0,0,0,0,0,0,0,0,0,0,0,0,0,1,0,0,0.39060028681557685,Medium
1,1,1,0,16,1,1,54.55,825.1,0,0,0,0,0,1,0,1,0,0,0,0,0,0,0,0,0,0,0,0,0,0,0,0.42788169010572286,Medium
0,0,0,0,22,1,0,89.25,1907.85,0,0,1,0,0,0,0,0,0,0,0,0,0,1,0,1,0,0,0,1,0,1,1,0.7910592205725373,High
1,0,1,0,13,1,1,102.25,1359.0,0,1,1,0,0,0,0,0,0,1,0,0,0,1,0,1,0,0,1,0,0,1,1,0.863826100133254,High
0,0,0,1,43,1,1,25.1,1070.15,0,1,0,1,1,0,1,0,1,0,1,0,1,0,1,0,0,1,0,1,0,0,0,0.049386955615278415,Low
0,0,0,0,3,1,1,89.45,240.45,0,0,1,0,0,0,0,0,0,0,0,0,0,1,0,1,0,0,0,1,0,1,1,0.9011360554053301,High
1,1,0,0,54,1,1,90.05,4931.8,0,1,1,0,0,0,0,1,0,0,0,0,0,0,0,1,0,0,0,1,0,0,1,0.7051835151194542,High
1,0,0,1,1,0,0,24.2,24.2,1,0,0,0,0,0,0,0,0,0,0,0,0,0,0,0,0,0,0,0,1,0,1,0.6626824864327294,High
1,0,1,1,69,1,1,20.55,1403.1,0,0,0,1,1,0,1,0,1,0,1,0,1,0,1,0,1,0,1,0,0,0,0,0.017873347878376827,Low
1,0,0,0,62,1,0,23.4,1429.65,0,1,0,1,1,0,1,0,1,0,1,0,1,0,1,0,0,1,0,0,0,0,0,0.013499422169926122,Low
0,0,0,0,2,1,1,90.4,168.2,0,0,1,0,0,0,0,0,0,0,0,0,0,1,0,1,0,0,0,1,0,1,1,0.904930756112758,High
0,1,1,1,62,1,1,96.1,6019.35,0,1,1,0,0,0,0,1,0,1,0,0,0,0,0,1,0,0,1,0,0,0,1,0.512928359971848,Medium
1,1,0,0,2,1,0,44.95,85.15,0,0,0,0,0,0,0,0,0,0,0,0,0,0,0,0,0,0,0,0,1,1,1,0.6234853949636591,High
1,0,1,1,69,1,0,19.9,1356.7,0,0,0,1,1,0,1,0,1,0,1,0,1,0,1,0,0,1,0,0,0,0,0,0.006271976125724889,Low
0,0,0,0,1,1,1,74.5,74.5,0,1,1,0,0,0,0,0,0,0,0,0,0,0,0,0,0,0,0,1,0,1,1,0.8859749398047305,High
1,0,0,0,31,1,1,55.25,1715.65,0,0,0,0,0,0,0,0,0,1,0,1,0,0,0,0,0,0,0,1,0,1,0,0.402805488713447,Medium
1,1,0,0,69,1,0,20.3,1356.3,0,0,0,1,1,0,1,0,1,0,1,0,1,0,1,0,0,1,1,0,0,0,0,0.009030008238693273,Low
1,0,1,0,2,1,1,91.45,171.45,0,1,1,0,0,0,0,0,0,1,0,0,0,1,0,0,0,0,0,1,0,0,1,0.9057530527778017,High
0,0,0,0,33,1,1,70.4,2406.1,0,0,1,0,0,0,0,0,0,0,0,0,0,0,0,0,0,0,0,0,0,0,1,0.6016668491523133,High
0,0,1,0,3,1,1,19.6,55.25,0,0,0,1,1,0,1,0,1,0,1,0,1,0,1,0,0,0,0,0,1,0,0,0.45173089579527725,Medium
1,0,0,0,44,1,0,65.4,2774.55,0,0,0,0,0,1,0,0,0,0,0,1,0,1,0,0,1,0,0,1,0,0,0,0.11870342160398846,Low
1,0,0,0,10,1,1,110.1,1043.3,0,0,1,0,0,1,0,1,0,1,0,1,0,1,0,1,0,0,0,1,0,1,1,0.7474575998196674,High
0,0,0,0,8,1,1,75.25,576.7,0,1,1,0,0,0,0,0,0,0,0,0,0,0,0,0,0,0,0,1,0,0,1,0.862661776410453,High
1,0,0,0,8,1,1,66.65,520.95,0,0,0,0,0,0,0,1,0,0,0,1,0,1,0,0,0,0,0,1,0,0,1,0.6354392200550069,High
0,0,1,1,69,1,1,20.35,1442.65,0,0,0,1,1,0,1,0,1,0,1,0,1,0,1,0,1,0,1,0,0,0,0,0.017464132998608006,Low
0,0,0,0,23,1,0,75.6,1758.6,0,1,1,0,0,0,0,0,0,0,0,0,0,0,0,0,0,0,0,0,0,1,1,0.6553569222803005,High
1,0,0,0,66,1,0,25.1,1697.7,0,1,0,1,1,0,1,0,1,0,1,0,1,0,1,0,0,1,0,0,1,0,0,0.012834948757691655,Low
0,0,1,1,1,1,1,102.45,102.45,0,1,1,0,0,1,0,0,0,1,0,0,0,1,0,1,0,0,0,1,0,1,1,0.8581397999940831,High
0,0,0,0,3,1,0,19.95,58.0,0,0,0,1,1,0,1,0,1,0,1,0,1,0,1,0,0,0,0,0,1,0,0,0.36552345180290874,Medium
0,0,0,1,5,1,1,51.0,286.8,0,0,0,0,0,0,0,0,0,0,0,1,0,0,0,0,0,0,0,0,1,0,0,0.4955015958573729,Medium
0,0,0,1,1,1,0,51.2,51.2,0,0,0,0,0,1,0,0,0,0,0,0,0,0,0,0,0,0,0,0,1,0,0,0.430086788166819,Medium
0,0,0,0,9,1,1,77.65,714.15,0,0,1,0,0,0,0,0,0,0,0,0,0,1,0,0,0,0,0,0,0,1,1,0.7957950001992244,High
1,0,1,1,36,1,1,63.7,2188.5,0,0,0,0,0,1,0,0,0,1,0,0,0,0,0,1,1,0,1,0,0,0,0,0.15369521001265346,Low
1,0,1,1,68,1,1,85.5,5696.6,0,1,1,0,0,1,0,1,0,0,0,0,0,0,0,0,1,0,0,0,0,0,0,0.14421431908419832,Low
0,0,1,1,35,0,0,40.9,1383.6,1,0,0,0,0,0,0,0,0,0,0,1,0,1,0,0,1,0,0,0,1,0,0,0.1817573809087716,Low
1,0,1,1,60,1,0,20.55,1205.05,0,0,0,1,1,0,1,0,1,0,1,0,1,0,1,0,0,1,0,0,1,0,0,0.00991499110330434,Low
0,0,1,1,72,1,0,74.55,5430.65,0,1,0,0,0,1,0,1,0,0,0,1,0,1,0,0,0,1,0,0,1,0,0,0.018523723691325822,Low
1,0,0,0,45,1,1,20.4,930.45,0,0,0,1,1,0,1,0,1,0,1,0,1,0,1,0,1,0,0,1,0,1,0,0.08640030749047775,Low
1,0,1,1,37,1,0,91.2,3247.55,0,0,1,0,0,0,0,0,0,0,0,0,0,1,0,1,1,0,1,0,0,0,0,0.4087243503078725,Medium
0,0,1,1,7,1,0,50.7,350.35,0,0,0,0,0,1,0,0,0,0,0,0,0,0,0,0,0,0,0,0,1,0,0,0.38101109964886126,Medium
0,0,0,0,4,1,0,50.7,151.3,0,0,0,0,0,0,0,1,0,0,0,0,0,0,0,0,0,0,1,0,0,1,1,0.5067007721599485,Medium
0,0,0,0,1,1,1,54.9,54.9,0,0,0,0,0,1,0,1,0,0,0,0,0,0,0,0,0,0,0,1,0,1,1,0.6122410663822759,High
0,0,0,0,4,1,1,60.4,272.15,0,0,0,0,0,1,0,1,0,0,0,1,0,0,0,0,0,0,0,0,1,1,0,0.4149071348034706,Medium
1,0,1,0,18,1,1,49.55,878.35,0,0,0,0,0,0,0,0,0,1,0,0,0,0,0,0,0,0,0,0,1,1,1,0.5175636055737421,Medium
0,0,0,0,12,1,0,74.05,872.65,0,1,0,0,0,0,0,0,0,0,0,1,0,1,0,1,1,0,0,0,1,1,0,0.40332347810807406,Medium
0,0,1,1,1,1,1,80.05,80.05,0,0,1,0,0,0,0,0,0,0,0,0,0,1,0,0,0,0,0,0,1,1,1,0.8149008914063581,High
1,0,1,1,72,1,0,25.0,1738.9,0,1,0,1,1,0,1,0,1,0,1,0,1,0,1,0,0,1,0,0,0,0,0,0.007494155149079264,Low
1,0,1,0,42,1,0,20.25,835.5,0,0,0,1,1,0,1,0,1,0,1,0,1,0,1,0,0,1,0,1,0,0,0,0.03708228489127806,Low
1,1,0,0,24,1,1,76.1,1712.7,0,1,1,0,0,0,0,0,0,0,0,0,0,0,0,0,0,0,0,1,0,1,1,0.8209530039946317,High
1,0,1,1,26,1,0,78.95,2034.25,0,0,1,0,0,0,0,0,0,0,0,0,0,0,0,1,1,0,0,0,0,0,0,0.41171488356883684,Medium
0,0,1,1,68,1,1,73.0,5163.0,0,1,0,0,0,1,0,1,0,1,0,0,0,1,0,0,1,0,1,0,0,0,0,0.07158431760450408,Low
0,0,0,0,17,1,0,19.9,323.15,0,0,0,1,1,0,1,0,1,0,1,0,1,0,1,0,1,0,0,0,0,0,0,0.12527750718946065,Low
1,0,1,1,59,1,1,111.1,6555.2,0,1,1,0,0,1,0,1,0,0,0,1,0,1,0,1,0,1,0,0,1,0,0,0.15380238664487073,Low
1,0,1,1,13,1,1,74.4,896.75,0,1,1,0,0,0,0,0,0,0,0,0,0,0,0,0,0,0,1,0,0,1,1,0.7460154471566893,High
0,0,0,0,2,1,1,20.45,42.45,0,0,0,1,1,0,1,0,1,0,1,0,1,0,1,0,0,0,0,0,1,0,0,0.4600466244822594,Medium
0,0,1,0,67,1,0,19.65,1335.2,0,0,0,1,1,0,1,0,1,0,1,0,1,0,1,0,0,1,0,0,1,0,0,0.00883316459195351,Low
0,0,0,0,17,1,0,20.05,337.9,0,0,0,1,1,0,1,0,1,0,1,0,1,0,1,0,1,0,1,0,0,0,0,0.12590503192796845,Low
1,0,1,0,71,1,1,80.1,5585.4,0,1,0,0,0,1,0,1,0,1,0,1,0,0,0,1,0,1,0,0,1,0,0,0.035351760915750624,Low
0,0,1,1,17,1,0,98.6,1704.95,0,0,1,0,0,0,0,0,0,1,0,1,0,1,0,1,1,0,0,0,0,1,0,0.4409124919540586,Medium
1,0,0,0,1,1,1,89.55,89.55,0,0,1,0,0,0,0,0,0,0,0,0,0,1,0,1,0,0,0,1,0,1,1,0.9091074320322889,High
0,0,1,1,6,1,0,19.7,94.45,0,0,0,1,1,0,1,0,1,0,1,0,1,0,1,0,1,0,0,0,1,0,0,0.16505814611343203,Low
1,0,1,0,61,1,1,114.1,7132.15,0,1,1,0,0,0,0,1,0,1,0,1,0,1,0,1,0,0,0,1,0,0,1,0.6772458141088319,High
0,0,0,0,6,1,1,73.85,401.3,0,1,1,0,0,0,0,0,0,0,0,0,0,0,0,0,0,0,0,0,1,0,1,0.8219293815274573,High
0,1,0,0,1,0,0,25.05,25.05,1,0,0,0,0,0,0,0,0,0,0,0,0,0,0,0,0,0,0,0,1,1,1,0.7387798182554461,High
0,0,1,1,21,1,1,102.8,2110.15,0,0,1,0,0,0,0,1,0,1,0,1,0,1,0,1,0,0,0,1,0,1,1,0.7232286164266786,High
0,0,1,0,60,1,1,110.8,6640.7,0,1,1,0,0,0,0,1,0,1,0,1,0,1,0,1,0,1,1,0,0,0,0,0.2279257608339812,Low
0,1,0,0,20,1,1,85.8,1727.5,0,1,1,0,0,0,0,0,0,0,0,0,0,0,0,1,0,0,1,0,0,1,1,0.8202746310438884,High
1,0,1,0,22,1,0,95.9,2234.95,0,1,1,0,0,1,0,0,0,0,0,1,0,1,0,0,0,0,1,0,0,0,1,0.5678143031248698,Medium
0,0,0,0,40,1,1,20.6,827.3,0,0,0,1,1,0,1,0,1,0,1,0,1,0,1,0,0,1,0,0,0,0,0,0.03641211865583152,Low
1,0,0,0,23,1,1,74.95,1710.45,0,1,1,0,0,0,0,0,0,0,0,0,0,0,0,0,0,0,0,1,0,1,1,0.8023164628031464,High
0,0,0,1,1,1,0,45.95,45.95,0,0,0,0,0,0,0,0,0,0,0,0,0,0,0,0,0,0,0,0,1,1,1,0.5355039847154144,Medium
1,0,0,0,46,0,0,38.25,1755.35,1,0,0,0,0,1,0,0,0,1,0,1,0,0,0,0,0,1,0,0,1,0,0,0.041724774047155744,Low
0,0,1,1,5,1,0,69.95,320.4,0,0,1,0,0,0,0,0,0,0,0,0,0,0,0,0,0,0,1,0,0,0,1,0.6748865375317141,High
1,1,0,0,68,1,1,20.0,1396.0,0,0,0,1,1,0,1,0,1,0,1,0,1,0,1,0,0,1,1,0,0,0,0,0.013327914763527743,Low
0,1,0,0,1,0,1,25.2,25.2,1,0,0,0,0,0,0,0,0,0,0,0,0,0,0,0,0,0,0,1,0,1,1,0.8493689987482265,High
0,0,1,0,2,1,0,20.1,43.15,0,0,0,1,1,0,1,0,1,0,1,0,1,0,1,0,0,0,0,0,0,0,0,0.3676209586718432,Medium
0,1,0,0,14,1,1,104.85,1531.4,0,1,1,0,0,0,0,1,0,1,0,0,0,1,0,1,0,0,0,1,0,1,1,0.8960135635336605,High
1,0,0,0,10,1,1,70.0,740.0,0,0,1,0,0,0,0,0,0,0,0,0,0,0,0,0,0,0,0,1,0,1,1,0.8276571875763846,High
1,0,0,1,13,1,1,78.3,1033.95,0,0,1,0,0,0,0,0,0,0,0,0,0,1,0,0,0,0,1,0,0,0,1,0.7408638437432437,High
0,0,0,0,34,1,1,109.8,3587.25,0,1,1,0,0,1,0,1,0,1,0,0,0,1,0,1,0,0,0,0,1,1,1,0.6739982596782046,High
1,0,1,1,18,1,0,57.45,990.85,0,0,0,0,0,0,0,0,0,1,0,0,0,0,0,1,0,0,0,1,0,1,1,0.5218508222421402,Medium
1,0,1,1,71,1,0,19.7,1301.1,0,0,0,1,1,0,1,0,1,0,1,0,1,0,1,0,0,1,1,0,0,0,0,0.005625898976139616,Low
0,0,1,0,70,1,1,110.5,7752.05,0,1,1,0,0,0,0,1,0,1,0,1,0,1,0,1,0,1,0,1,0,0,0,0.2595595380816691,Low
0,0,1,0,52,1,1,64.3,3410.6,0,0,0,0,0,1,0,0,0,1,0,0,0,1,0,0,1,0,0,0,1,0,0,0.123583622974719,Low
1,0,1,1,68,1,1,105.25,7173.15,0,0,1,0,0,1,0,1,0,1,0,0,0,1,0,1,0,1,0,0,0,0,0,0.12041331739779396,Low
1,0,1,1,38,1,0,19.6,717.3,0,0,0,1,1,0,1,0,1,0,1,0,1,0,1,0,0,0,0,1,0,0,0,0.12949889354436991,Low
0,0,1,1,58,1,1,24.5,1497.9,0,1,0,1,1,0,1,0,1,0,1,0,1,0,1,0,1,0,1,0,0,0,0,0.036664460416404976,Low
1,0,0,0,3,1,0,90.7,237.65,0,0,1,0,0,0,0,0,0,0,0,0,0,1,0,1,0,0,0,0,1,0,1,0.8272794005365861,High
1,0,1,0,14,1,0,48.8,664.4,0,0,0,0,0,0,0,0,0,0,0,1,0,0,0,0,0,0,0,0,0,0,0,0.3753129490527506,Medium
1,0,0,0,2,0,1,24.9,49.7,1,0,0,0,0,0,0,0,0,0,0,0,0,0,0,0,0,0,1,0,0,0,1,0.7601265115357257,High
0,0,1,0,1,0,1,24.8,24.8,1,0,0,0,0,0,0,0,0,0,0,0,0,0,0,0,0,0,0,1,0,1,1,0.8308284376980686,High
0,1,0,0,72,1,1,107.4,7748.75,0,1,1,0,0,1,0,1,0,1,0,1,0,0,0,1,0,1,0,0,0,0,0,0.11550160743940856,Low
1,0,0,0,3,1,1,43.3,123.65,0,0,0,0,0,0,0,0,0,0,0,0,0,0,0,0,0,0,0,1,0,1,1,0.7267478232625715,High
0,0,0,0,13,1,1,80.0,1029.35,0,1,1,0,0,1,0,0,0,0,0,0,0,0,0,0,0,0,1,0,0,0,1,0.7033514131714735,High
1,1,1,1,72,1,1,104.1,7447.7,0,0,1,0,0,1,0,0,0,1,0,1,0,1,0,1,0,1,1,0,0,0,0,0.10171020991910538,Low
1,0,1,0,58,1,0,20.75,1185.95,0,0,0,1,1,0,1,0,1,0,1,0,1,0,1,0,0,1,0,0,1,0,0,0.01363147720802365,Low
1,1,1,0,71,1,1,95.5,6707.15,0,0,1,0,0,0,0,1,0,1,0,1,0,0,0,1,0,1,1,0,0,0,0,0.11939437309976368,Low
0,0,0,0,1,1,0,76.35,76.35,0,0,1,0,0,0,0,0,0,1,0,0,0,0,0,0,0,0,0,1,0,1,1,0.8092601581474893,High
0,0,1,1,54,1,0,91.3,4965.0,0,1,0,0,0,1,0,1,0,1,0,1,0,1,0,1,0,1,1,0,0,0,0,0.04463749285318657,Low
1,0,0,1,39,0,0,45.05,1790.6,1,0,0,0,0,1,0,0,0,0,0,1,0,1,0,0,1,0,0,0,0,0,0,0.10968026078694018,Low
0,0,0,0,1,1,1,70.6,70.6,0,0,1,0,0,0,0,0,0,0,0,0,0,0,0,0,0,0,0,1,0,1,1,0.8613809746304956,High
1,0,1,0,61,1,1,80.8,4860.85,0,1,0,0,0,1,0,1,0,1,0,1,0,0,0,1,0,1,0,0,0,0,0,0.045603043891185906,Low
0,0,1,1,25,1,1,89.15,2257.75,0,0,1,0,0,0,0,1,0,1,0,0,0,1,0,0,0,0,0,0,0,1,1,0.63125128093981,High
0,0,0,0,37,1,0,91.2,3382.3,0,1,1,0,0,1,0,1,0,1,0,0,0,0,0,0,0,0,0,0,0,0,0,0.425741031827028,Medium
0,1,0,0,26,1,1,91.25,2351.8,0,0,1,0,0,0,0,0,0,0,0,0,0,1,0,1,0,0,0,1,0,1,1,0.8531841555650163,High
1,0,0,0,10,1,0,19.75,208.25,0,0,0,1,1,0,1,0,1,0,1,0,1,0,1,0,0,0,1,0,0,0,0,0.2927191720638475,Low
0,0,0,0,1,1,0,20.4,20.4,0,0,0,1,1,0,1,0,1,0,1,0,1,0,1,0,0,0,0,0,1,1,0,0.38721077633339207,Medium
0,1,1,0,24,0,1,40.65,933.3,1,0,0,0,0,0,0,0,0,1,0,0,0,0,0,1,0,0,1,0,0,1,1,0.6564678006721142,High
1,1,0,0,65,1,1,110.35,7246.15,0,1,1,0,0,1,0,0,0,1,0,1,0,1,0,1,0,1,0,1,0,0,0,0.26388865218715846,Low
1,0,0,0,23,1,1,64.9,1509.8,0,0,0,0,0,0,0,0,0,0,0,0,0,1,0,1,1,0,0,0,0,0,0,0.41994856614353027,Medium
1,0,0,0,49,1,1,66.15,3199.0,0,1,0,0,0,0,0,0,0,0,0,1,0,1,0,0,0,1,0,0,0,0,0,0.09626875155784642,Low
0,1,0,0,42,1,0,55.65,2421.75,0,1,0,0,0,0,0,0,0,1,0,0,0,0,0,0,0,0,0,1,0,0,0,0.40829498678250054,Medium
0,0,0,0,8,1,0,20.85,161.65,0,0,0,1,1,0,1,0,1,0,1,0,1,0,1,0,0,1,0,0,1,0,0,0.10162549183652039,Low
0,0,0,0,28,1,0,54.65,1517.5,0,0,0,0,0,0,0,1,0,0,0,1,0,0,0,0,0,0,0,0,0,0,0,0.23302316985371305,Low
1,0,0,0,71,1,0,80.6,5708.2,0,1,0,0,0,1,0,1,0,1,0,1,0,0,0,1,0,1,0,0,0,0,0,0.024253506522360354,Low
1,0,1,1,69,1,1,99.45,7007.6,0,1,1,0,0,0,0,0,0,1,0,0,0,1,0,1,0,0,1,0,0,1,1,0.5422541789397849,Medium
1,0,1,1,68,1,1,114.7,7849.85,0,1,1,0,0,1,0,1,0,1,0,1,0,1,0,1,0,1,0,0,0,0,0,0.12194335732616533,Low
0,0,1,0,64,1,1,105.4,6794.75,0,1,1,0,0,0,0,1,0,0,0,1,0,1,0,1,0,1,0,0,0,0,0,0.20904296727440744,Low
0,1,0,0,3,1,0,75.05,202.9,0,0,1,0,0,0,0,0,0,1,0,0,0,0,0,0,0,0,0,0,1,0,1,0.7630868080389968,High
0,0,1,1,66,1,1,49.4,3251.85,0,0,0,0,0,0,0,0,0,0,0,1,0,0,0,0,1,0,1,0,0,0,0,0.04539869312510744,Low
1,0,0,0,28,1,0,18.25,534.7,0,0,0,1,1,0,1,0,1,0,1,0,1,0,1,0,1,0,1,0,0,0,0,0.08241559830307288,Low
1,0,1,0,67,1,1,111.05,7321.05,0,0,1,0,0,1,0,1,0,1,0,1,0,1,0,1,0,1,0,1,0,0,0,0.1640451337679743,Low
1,0,1,0,46,1,0,19.6,851.2,0,0,0,1,1,0,1,0,1,0,1,0,1,0,1,0,0,0,0,1,0,0,0,0.116315212806172,Low
1,0,1,0,55,1,1,96.75,5238.9,0,1,1,0,0,1,0,1,0,0,0,0,0,1,0,0,0,0,0,1,0,1,1,0.5807358183031495,Medium
1,0,0,0,22,1,1,69.7,1490.4,0,0,1,0,0,0,0,0,0,0,0,0,0,0,0,0,0,0,0,0,1,0,1,0.6928082553064995,High
1,0,1,1,18,1,1,87.9,1500.5,0,0,1,0,0,1,0,0,0,1,0,0,0,1,0,0,0,0,0,0,1,0,1,0.6252012172133338,High
1,0,1,0,46,0,0,40.4,1842.7,1,0,0,0,0,1,0,0,0,1,0,1,0,0,0,0,0,1,1,0,0,0,0,0.04210162928886654,Low
0,0,1,0,10,1,1,78.15,765.15,0,1,1,0,0,1,0,0,0,0,0,0,0,0,0,0,0,0,1,0,0,0,1,0.720403973645114,High
1,0,1,0,72,1,1,99.4,7285.7,0,1,1,0,0,0,0,1,0,0,0,0,0,1,0,1,0,1,0,1,0,0,0,0.3069469829399153,Medium
1,0,0,0,16,1,0,55.3,875.35,0,1,0,0,0,0,0,1,0,0,0,0,0,0,0,0,0,0,0,1,0,0,1,0.5701657360570247,Medium
1,1,0,0,3,1,1,77.0,237.75,0,1,1,0,0,0,0,0,0,0,0,0,0,0,0,0,0,0,0,1,0,1,1,0.9008626799660966,High
1,0,1,1,21,0,1,26.05,565.75,1,0,0,0,0,0,0,0,0,0,0,0,0,0,0,0,0,0,0,1,0,0,1,0.640171455810271,High
1,0,0,0,5,1,0,78.75,426.35,0,0,1,0,0,0,0,0,0,0,0,0,0,0,0,1,0,0,0,0,1,0,1,0.7815617891510219,High
0,0,0,0,1,0,0,29.95,29.95,1,0,0,0,0,0,0,1,0,0,0,0,0,0,0,0,0,0,0,0,0,1,1,0.6598103538181885,High
0,0,0,0,1,1,1,45.4,45.4,0,0,0,0,0,0,0,0,0,0,0,0,0,0,0,0,0,0,0,0,1,1,1,0.6692940125136697,High
1,1,1,0,36,1,1,85.25,3132.75,0,1,1,0,0,0,0,0,0,0,0,0,0,0,0,1,0,0,1,0,0,1,1,0.7526173942236821,High
1,0,1,0,64,1,1,104.05,6605.55,0,0,1,0,0,1,0,1,0,0,0,1,0,1,0,1,0,1,1,0,0,0,0,0.1168073011435117,Low
1,1,1,0,30,1,0,74.85,2181.75,0,1,0,0,0,0,0,0,0,1,0,0,0,1,0,1,0,1,0,1,0,0,0,0.3142315944274126,Medium
0,0,1,1,72,1,0,19.55,1463.45,0,0,0,1,1,0,1,0,1,0,1,0,1,0,1,0,0,1,0,0,0,0,0,0.005385224186827054,Low
1,0,1,1,46,1,1,20.1,936.85,0,0,0,1,1,0,1,0,1,0,1,0,1,0,1,0,0,1,0,0,1,0,0,0.025051759960017756,Low
0,0,1,0,45,1,1,95.2,4285.8,0,0,1,0,0,0,0,0,0,0,0,1,0,1,0,1,0,1,1,0,0,0,0,0.2579606488565304,Low
0,0,0,0,2,1,0,20.65,38.7,0,0,0,1,1,0,1,0,1,0,1,0,1,0,1,0,0,0,0,0,1,1,0,0.3776582982688811,Medium
0,0,0,0,34,1,0,55.0,1885.15,0,0,0,0,0,1,0,1,0,0,0,0,0,0,0,0,1,0,0,0,1,0,0,0.10713392788118058,Low
0,0,1,0,54,1,0,106.55,5763.3,0,1,1,0,0,1,0,1,0,0,0,0,0,1,0,1,1,0,0,0,0,1,0,0.31561331737259213,Medium
1,0,0,0,21,1,1,19.95,416.4,0,0,0,1,1,0,1,0,1,0,1,0,1,0,1,0,0,0,0,0,1,0,0,0.27730038833993664,Low
1,0,1,0,65,1,0,76.15,4929.55,0,1,0,0,0,1,0,0,0,1,0,1,0,0,0,1,0,1,0,0,0,0,0,0.03262219203231627,Low
0,0,1,0,20,1,1,69.8,1540.35,0,0,1,0,0,0,0,0,0,0,0,0,0,0,0,0,0,0,0,0,0,0,1,0.7013569934020148,High
1,0,0,0,1,1,1,79.5,79.5,0,0,1,0,0,0,0,0,0,0,0,0,0,1,0,0,0,0,0,1,0,1,1,0.8868736187628481,High
1,0,1,1,42,1,1,69.4,3058.3,0,1,0,0,0,1,0,1,0,0,0,0,0,1,0,0,0,0,0,0,0,0,0,0.27517071107322344,Low
1,0,0,0,1,1,0,19.4,19.4,0,0,0,1,1,0,1,0,1,0,1,0,1,0,1,0,0,0,0,0,1,1,0,0.3913178567088669,Medium
0,0,1,0,20,1,1,96.55,1901.65,0,0,1,0,0,1,0,1,0,0,0,1,0,1,0,0,0,0,0,1,0,0,1,0.6500840601683466,High
1,0,0,0,11,1,0,70.2,760.05,0,0,1,0,0,0,0,0,0,0,0,0,0,0,0,0,0,0,0,1,0,0,1,0.7662843428084216,High
0,0,1,0,61,1,0,25.3,1554.9,0,1,0,1,1,0,1,0,1,0,1,0,1,0,1,0,0,1,0,0,0,0,0,0.014761829519294832,Low
0,0,1,0,64,1,0,25.0,1584.8,0,1,0,1,1,0,1,0,1,0,1,0,1,0,1,0,0,1,1,0,0,0,0,0.01286749350275948,Low
0,1,1,0,25,1,0,88.4,2191.15,0,0,1,0,0,0,0,1,0,1,0,0,0,0,0,1,0,0,0,0,0,0,1,0.6416894667073354,High
0,0,0,0,44,1,1,50.15,2139.1,0,1,0,0,0,0,0,0,0,0,0,0,0,0,0,0,0,0,0,0,1,0,0,0.34416211740100827,Medium
0,0,1,0,5,1,0,69.95,330.15,0,0,1,0,0,0,0,0,0,0,0,0,0,0,0,0,0,0,0,1,0,1,1,0.7968330053502903,High
0,1,1,1,48,0,0,29.9,1388.75,1,0,0,0,0,0,0,1,0,0,0,0,0,0,0,0,1,0,0,0,0,0,0,0.11394794595242178,Low
1,0,0,0,6,1,1,74.9,469.8,0,1,1,0,0,0,0,0,0,0,0,0,0,0,0,0,0,0,0,1,0,1,1,0.8737604718280676,High
1,0,1,0,4,1,0,50.05,179.35,0,0,0,0,0,0,0,0,0,0,0,1,0,0,0,0,0,0,0,0,1,1,0,0.4833440374711941,Medium
1,0,1,1,72,1,0,19.95,1322.85,0,0,0,1,1,0,1,0,1,0,1,0,1,0,1,0,0,1,0,0,0,0,0,0.005404995572668661,Low
1,0,0,0,54,1,0,89.4,4869.5,0,1,1,0,0,0,0,0,0,1,0,0,0,0,0,1,0,0,1,0,0,0,1,0.5152913121216675,Medium
0,0,1,1,66,1,1,67.45,4508.65,0,1,0,0,0,1,0,1,0,1,0,0,0,0,0,0,0,0,0,0,0,0,0,0.11434304898942776,Low
1,0,0,0,3,1,1,49.9,130.1,0,0,0,0,0,0,0,1,0,0,0,0,0,0,0,0,0,0,0,0,1,1,1,0.6198529022456529,High
1,0,0,0,19,1,1,65.35,1231.85,0,0,0,0,0,0,0,1,0,0,0,1,0,0,0,1,1,0,0,0,0,0,0,0.2827478422042384,Low
1,0,1,1,61,1,1,81.0,4976.15,0,1,0,0,0,0,0,0,0,1,0,1,0,1,0,1,0,1,0,0,0,0,0,0.08044590845037082,Low
1,0,0,0,54,1,0,89.8,4667.0,0,0,1,0,0,1,0,0,0,1,0,0,0,1,0,0,0,0,0,0,1,0,0,0.35178211711691815,Medium
0,0,0,0,1,1,0,49.95,49.95,0,0,0,0,0,0,0,1,0,0,0,0,0,0,0,0,0,0,0,1,0,0,1,0.6325757432496899,High
1,1,0,0,19,1,1,79.85,1471.75,0,1,1,0,0,0,0,0,0,1,0,0,0,0,0,0,0,0,0,1,0,1,1,0.8376468132404549,High
1,0,1,0,24,1,0,19.75,483.15,0,0,0,1,1,0,1,0,1,0,1,0,1,0,1,0,0,1,0,0,1,0,0,0.05564280546475417,Low
0,1,0,1,33,1,1,105.35,3465.05,0,1,1,0,0,0,0,1,0,1,0,0,0,1,0,1,0,0,0,0,0,0,1,0.7405813984061698,High
0,0,1,0,31,1,1,83.85,2674.15,0,0,1,0,0,0,0,1,0,0,0,0,0,0,0,1,0,0,0,0,0,0,1,0.6563174742205921,High
1,0,1,0,59,0,1,44.3,2666.75,1,0,0,0,0,0,0,0,0,0,0,0,0,1,0,1,0,0,0,1,0,0,0,0.47370124291965365,Medium
0,1,1,0,20,1,1,91.0,1859.5,0,0,1,0,0,0,0,0,0,0,0,0,0,1,0,1,1,0,0,0,0,0,1,0.6951122767654239,High
1,1,1,0,60,1,1,99.0,6017.9,0,1,1,0,0,0,0,0,0,0,0,1,0,1,0,1,0,0,0,1,0,0,1,0.7002295543106981,High
1,0,0,1,18,1,1,80.55,1406.65,0,1,1,0,0,0,0,0,0,1,0,0,0,0,0,0,0,0,1,0,0,0,1,0.7096554469711054,High
0,0,0,1,19,1,1,60.6,1297.8,0,0,0,0,0,1,0,1,0,1,0,0,0,0,0,0,0,0,0,1,0,0,0,0.40229068464835654,Medium
0,0,1,1,24,1,0,19.7,452.55,0,0,0,1,1,0,1,0,1,0,1,0,1,0,1,0,0,1,0,0,1,0,0,0.04321155671179841,Low
0,0,1,1,9,1,0,20.25,172.35,0,0,0,1,1,0,1,0,1,0,1,0,1,0,1,0,1,0,0,0,1,0,0,0.14933974505809294,Low
0,0,1,1,33,1,0,24.25,838.5,0,1,0,1,1,0,1,0,1,0,1,0,1,0,1,0,0,0,0,0,0,0,0,0.1365049556402567,Low
0,0,0,0,2,1,0,19.4,61.05,0,0,0,1,1,0,1,0,1,0,1,0,1,0,1,0,0,0,0,0,1,0,0,0.37519225773035325,Medium
1,0,1,0,67,1,1,93.15,6368.2,0,1,1,0,0,0,0,1,0,1,0,0,0,0,0,1,0,1,0,1,0,0,0,0.25724656828070946,Low
0,0,0,0,52,1,1,49.75,2535.55,0,0,0,0,0,1,0,0,0,0,0,0,0,0,0,0,0,0,0,0,0,0,0,0.15898881391319455,Low
0,0,0,0,5,1,1,19.65,92.05,0,0,0,1,1,0,1,0,1,0,1,0,1,0,1,0,0,0,1,0,0,0,0,0.41093567130961534,Medium
0,0,1,1,1,1,1,19.4,19.4,0,0,0,1,1,0,1,0,1,0,1,0,1,0,1,0,0,0,0,0,1,0,0,0.4163969596284981,Medium
1,0,0,0,67,1,1,19.8,1311.3,0,0,0,1,1,0,1,0,1,0,1,0,1,0,1,0,0,1,0,0,1,0,0,0.012435364679390236,Low
0,0,0,0,63,1,0,99.9,6137.0,0,1,1,0,0,0,0,1,0,0,0,0,0,1,0,1,1,0,0,0,0,1,0,0.3243786042806318,Medium
1,1,0,0,2,1,0,49.95,107.1,0,0,0,0,0,0,0,0,0,1,0,0,0,0,0,0,0,0,0,0,1,0,1,0.6125566858131082,High
1,1,1,0,25,1,1,89.05,2177.45,0,1,1,0,0,1,0,0,0,0,0,0,0,0,0,1,1,0,0,1,0,1,1,0.65979012179189,High
1,0,0,0,19,1,1,19.95,373.5,0,0,0,1,1,0,1,0,1,0,1,0,1,0,1,0,0,1,0,0,1,0,0,0.09144171137311456,Low
1,0,0,1,62,1,0,56.15,3487.95,0,0,0,0,0,1,0,1,0,0,0,0,0,0,0,0,1,0,0,0,0,0,0,0.0341732620025101,Low
1,1,0,0,23,0,1,34.65,768.45,1,0,0,0,0,0,0,0,0,0,0,0,0,0,0,1,0,0,0,0,0,0,1,0.6692981534404446,High
1,0,1,0,70,1,0,64.95,4523.25,0,0,0,0,0,1,0,1,0,1,0,1,0,0,0,0,0,1,1,0,0,0,0,0.012468921512292324,Low
1,0,0,0,29,1,1,94.2,2607.6,0,0,1,0,0,0,0,0,0,0,0,1,0,1,0,1,0,0,0,1,0,0,1,0.7610601012742555,High
1,0,1,0,32,1,1,78.9,2447.95,0,1,1,0,0,0,0,0,0,1,0,0,0,0,0,0,0,0,0,1,0,1,1,0.7490169178969571,High
0,0,0,0,31,1,0,65.25,1994.3,0,1,0,0,0,1,0,0,0,1,0,1,0,0,0,0,0,0,1,0,0,1,0,0.2141341304289106,Low
0,0,0,0,59,1,0,95.8,5655.45,0,0,1,0,0,0,0,0,0,1,0,0,0,1,0,1,0,1,0,1,0,0,0,0.2580892678702681,Low
1,0,0,0,32,1,1,64.85,2010.95,0,0,0,0,0,0,0,0,0,0,0,0,0,1,0,1,1,0,0,0,0,0,0,0.34502542326641267,Medium
1,0,1,0,17,0,1,49.8,836.35,1,0,0,0,0,0,0,1,0,0,0,0,0,1,0,1,0,0,0,0,1,0,1,0.727903581885117,High
1,0,0,0,26,1,0,20.9,518.3,0,0,0,1,1,0,1,0,1,0,1,0,1,0,1,0,0,0,0,0,1,0,0,0.1820493405680872,Low
1,0,0,0,12,1,0,94.55,1173.55,0,1,1,0,0,0,0,0,0,0,0,0,0,1,0,1,0,0,0,1,0,0,1,0.8715180527328444,High
1,0,1,1,61,1,1,98.45,6145.2,0,0,1,0,0,0,0,1,0,0,0,1,0,1,0,1,1,0,0,0,0,0,0,0.251289189116536,Low
0,0,1,0,71,1,0,19.6,1416.5,0,0,0,1,1,0,1,0,1,0,1,0,1,0,1,0,0,1,0,0,1,0,0,0.007440509716069227,Low
0,0,0,0,9,1,1,20.45,147.55,0,0,0,1,1,0,1,0,1,0,1,0,1,0,1,0,0,0,1,0,0,0,0,0.37091829433656737,Medium
1,1,1,0,24,1,1,104.25,2433.9,0,1,1,0,0,0,0,1,0,1,0,0,0,1,0,1,0,0,0,1,0,1,1,0.8723328143109608,High
0,1,0,0,7,1,1,89.15,574.35,0,0,1,0,0,0,0,0,0,0,0,0,0,1,0,1,0,0,0,1,0,0,1,0.9041844276800658,High
1,0,0,1,41,1,1,111.15,4507.15,0,0,1,0,0,1,0,1,0,1,0,1,0,1,0,1,0,1,0,1,0,0,0,0.22043769034039093,Low
1,0,1,1,20,1,1,90.2,1776.55,0,0,1,0,0,0,0,0,0,0,0,0,0,1,0,1,0,0,0,1,0,1,1,0.8282243472369466,High
1,0,1,0,33,1,0,91.25,2964.05,0,0,1,0,0,0,0,0,0,0,0,0,0,1,0,1,0,0,0,1,0,0,1,0.7536070377069224,High
1,0,0,0,56,1,1,81.8,4534.45,0,0,0,0,0,0,0,1,0,1,0,1,0,1,0,1,0,1,1,0,0,0,0,0.07739909240266701,Low
1,0,1,1,1,1,1,74.5,74.5,0,1,1,0,0,0,0,0,0,0,0,0,0,0,0,0,0,0,0,1,0,1,1,0.8668276691355555,High
1,0,0,0,4,1,1,76.05,318.9,0,1,1,0,0,0,0,0,0,0,0,0,0,0,0,0,0,0,0,1,0,1,1,0.8819075581919483,High
0,0,0,0,54,1,0,111.1,6014.85,0,1,1,0,0,0,0,1,0,1,0,1,0,1,0,1,0,0,0,1,0,1,1,0.5980375089940048,Medium
0,0,1,1,8,1,1,68.55,564.35,0,0,0,0,0,0,0,0,0,0,0,1,0,1,0,1,0,0,0,1,0,0,1,0.6668954389273275,High
1,0,1,0,58,0,1,45.0,2689.35,1,0,0,0,0,0,0,0,0,0,0,0,0,1,0,1,1,0,1,0,0,0,0,0.23607211045738014,Low
1,0,1,0,34,1,0,100.85,3527.3,0,1,1,0,0,0,0,0,0,1,0,0,0,1,0,1,0,0,0,1,0,0,1,0.7982060879300129,High
0,1,0,0,2,0,1,30.4,78.65,1,0,0,0,0,0,0,0,0,1,0,0,0,0,0,0,0,0,0,1,0,1,1,0.8382439554365789,High
1,0,0,1,25,1,1,95.9,2448.75,0,0,1,0,0,0,0,1,0,0,0,0,0,1,0,1,0,0,0,1,0,1,1,0.7870995079835874,High
0,0,1,0,68,1,1,89.95,5974.3,0,1,1,0,0,0,0,0,0,1,0,0,0,1,0,0,0,1,0,0,0,0,0,0.18664041826805342,Low
0,0,1,0,71,1,1,105.15,7555.0,0,1,1,0,0,0,0,1,0,1,0,0,0,1,0,1,0,1,0,0,0,0,0,0.23415592725054418,Low
0,0,0,1,1,1,0,59.2,59.2,0,0,0,0,0,0,0,0,0,1,0,0,0,0,0,1,0,0,0,1,0,1,1,0.6593265984038819,High
1,0,0,0,13,1,0,98.15,1230.25,0,1,1,0,0,1,0,0,0,0,0,0,0,1,0,1,0,0,0,0,1,1,1,0.747806456574522,High
1,0,1,1,5,1,1,84.5,453.75,0,1,1,0,0,1,0,0,0,1,0,0,0,0,0,0,0,0,0,1,0,1,1,0.7837445943704263,High
0,0,0,0,22,1,0,20.85,450.65,0,0,0,1,1,0,1,0,1,0,1,0,1,0,1,0,1,0,0,0,0,0,0,0.10514191159130457,Low
0,0,1,1,10,1,0,26.1,225.55,0,1,0,1,1,0,1,0,1,0,1,0,1,0,1,0,0,1,1,0,0,0,0,0.09226916748541233,Low
1,1,1,0,55,1,1,74.0,4052.4,0,1,1,0,0,0,0,0,0,0,0,0,0,0,0,0,0,0,0,1,0,0,1,0.6367313869421036,High
0,0,1,1,27,1,1,20.55,583.3,0,0,0,1,1,0,1,0,1,0,1,0,1,0,1,0,1,0,0,0,1,0,0,0.10333270926172333,Low
0,0,0,0,10,1,0,18.85,163.2,0,0,0,1,1,0,1,0,1,0,1,0,1,0,1,0,0,0,0,0,1,0,0,0.29423486385290737,Low
1,0,0,0,23,1,0,20.85,473.9,0,0,0,1,1,0,1,0,1,0,1,0,1,0,1,0,0,0,0,1,0,0,0,0.2644329485232957,Low
1,0,1,1,70,1,1,84.1,5979.7,0,1,0,0,0,0,0,1,0,1,0,1,0,1,0,1,0,1,0,1,0,0,0,0.08141494406365549,Low
0,0,0,1,5,1,0,46.0,221.7,0,0,0,0,0,0,0,0,0,0,0,0,0,0,0,0,0,0,0,0,1,1,0,0.4978546549784522,Medium
0,0,0,0,24,1,1,19.55,470.2,0,0,0,1,1,0,1,0,1,0,1,0,1,0,1,0,0,1,0,0,0,0,0,0.0687300222139666,Low
0,0,0,0,8,1,1,20.2,140.95,0,0,0,1,1,0,1,0,1,0,1,0,1,0,1,0,1,0,0,0,0,0,0,0.22957556280900393,Low
1,0,1,0,19,1,1,88.8,1672.35,0,1,1,0,0,1,0,1,0,0,0,1,0,0,0,0,0,0,1,0,0,0,1,0.5569349863819202,Medium
1,1,1,0,43,1,1,100.55,4304.0,0,0,1,0,0,0,0,1,0,1,0,0,0,1,0,1,1,0,0,0,0,0,1,0.520106121828007,Medium
1,1,0,0,67,1,1,101.4,6841.05,0,1,1,0,0,0,0,0,0,1,0,0,0,1,0,1,0,0,1,0,0,0,1,0.6487685400833139,High
1,0,0,0,4,1,1,55.3,238.5,0,0,0,0,0,0,0,0,0,0,0,0,0,0,0,1,0,0,0,0,1,0,1,0.7056472018608898,High
1,0,1,0,59,1,0,113.75,6561.25,0,1,1,0,0,1,0,1,0,1,0,1,0,1,0,1,0,1,0,1,0,0,0,0.17521396298498268,Low
1,0,1,0,72,1,0,25.4,1710.9,0,1,0,1,1,0,1,0,1,0,1,0,1,0,1,0,0,1,0,0,1,0,0,0.009953495846839622,Low
1,0,0,1,19,1,1,20.0,377.55,0,0,0,1,1,0,1,0,1,0,1,0,1,0,1,0,0,0,0,1,0,0,0,0.32033812398622763,Medium
0,0,0,0,1,1,0,73.5,73.5,0,0,1,0,0,0,0,0,0,1,0,0,0,0,0,0,0,0,0,0,0,1,1,0.7317138898985506,High
0,0,1,1,30,0,0,51.2,1561.5,1,0,0,0,0,0,0,0,0,0,0,1,0,1,0,1,0,0,1,0,0,1,0,0.4216246370833828,Medium
0,0,1,0,2,1,1,74.4,139.4,0,0,1,0,0,1,0,0,0,0,0,0,0,0,0,0,0,0,0,1,0,1,1,0.7979201953512506,High
1,0,1,1,60,1,1,65.85,3928.3,0,0,0,0,0,1,0,1,0,1,0,1,0,0,0,0,1,0,0,0,0,0,0,0.03894634558998475,Low
1,0,0,0,44,1,1,111.5,4915.15,0,1,1,0,0,1,0,1,0,1,0,0,0,1,0,1,0,0,0,1,0,0,1,0.7195789160086499,High
0,0,0,0,1,1,1,48.6,48.6,0,0,0,0,0,0,0,1,0,0,0,0,0,0,0,0,0,0,0,1,0,0,1,0.7041798179682687,High
1,0,1,0,3,0,1,29.9,92.25,1,0,0,0,0,0,0,0,0,0,0,1,0,0,0,0,0,0,0,1,0,0,1,0.7645067832799916,High
1,1,1,0,71,1,0,24.85,1901.0,0,1,0,1,1,0,1,0,1,0,1,0,1,0,1,0,0,1,0,0,0,0,0,0.0118797567314479,Low
0,0,0,0,2,1,0,49.2,103.7,0,0,0,0,0,0,0,1,0,0,0,0,0,0,0,0,0,0,0,0,1,0,1,0.5377205549895562,Medium
0,0,0,0,1,0,0,25.85,25.85,1,0,0,0,0,0,0,0,0,0,0,0,0,0,0,0,1,0,0,0,1,0,1,0.5423917548470799,Medium
0,0,1,1,72,1,1,115.5,8425.15,0,1,1,0,0,1,0,1,0,1,0,1,0,1,0,1,0,1,0,1,0,0,0,0.16095584030508833,Low
0,0,0,0,6,1,1,85.95,514.6,0,0,1,0,0,0,0,1,0,0,0,0,0,0,0,1,0,0,0,0,1,0,1,0.8056113305556155,High
0,0,0,0,1,1,1,85.55,85.55,0,0,1,0,0,0,0,0,0,1,0,0,0,1,0,0,0,0,1,0,0,1,1,0.830205715052533,High
1,1,0,0,20,1,0,89.95,1648.45,0,0,1,0,0,0,0,0,0,0,0,0,0,1,0,1,0,0,0,1,0,0,1,0.8267051806039002,High
1,0,0,0,1,1,1,88.35,88.35,0,0,1,0,0,0,0,0,0,0,0,0,0,1,0,1,0,0,0,1,0,1,1,0.9078519502367086,High
1,0,0,0,12,1,0,20.05,265.45,0,0,0,1,1,0,1,0,1,0,1,0,1,0,1,0,0,0,1,0,0,0,0,0.27667355336338967,Low
1,0,0,0,9,0,1,24.95,190.25,1,0,0,0,0,0,0,0,0,0,0,0,0,0,0,0,0,0,0,1,0,0,1,0.7785774778999651,High
0,0,0,0,12,1,0,20.1,223.6,0,0,0,1,1,0,1,0,1,0,1,0,1,0,1,0,0,0,0,0,1,0,0,0.28064588350090525,Low
0,0,0,0,1,1,1,49.9,49.9,0,0,0,0,0,0,0,0,0,0,0,1,0,0,0,0,0,0,0,1,0,0,1,0.6642183635741802,High
1,0,0,0,17,1,1,19.65,351.55,0,0,0,1,1,0,1,0,1,0,1,0,1,0,1,0,1,0,0,0,0,0,0,0.1723114015434857,Low
0,0,0,0,12,1,1,79.55,958.25,0,1,1,0,0,0,0,0,0,0,0,1,0,0,0,0,0,0,1,0,0,0,1,0.7216766450901415,High
1,0,0,0,12,1,1,106.7,1253.9,0,1,1,0,0,0,0,1,0,1,0,0,0,1,0,1,0,0,0,1,0,1,1,0.8894686814771623,High
0,0,0,0,15,1,1,55.7,899.8,0,1,0,0,0,1,0,0,0,0,0,0,0,0,0,0,0,0,0,0,1,1,1,0.5099394951123745,Medium
1,0,1,0,71,1,1,99.0,6994.6,0,1,1,0,0,1,0,1,0,1,0,0,0,1,0,0,0,1,0,1,0,0,0,0.17420357090841782,Low
0,0,1,0,30,1,1,85.0,2624.25,0,1,1,0,0,0,0,0,0,0,0,0,0,0,0,1,0,0,0,1,0,1,1,0.8180533654897002,High
1,0,0,1,33,1,1,20.15,682.15,0,0,0,1,1,0,1,0,1,0,1,0,1,0,1,0,1,0,0,0,1,0,0,0.08156971329480099,Low
0,0,0,0,1,1,0,19.9,19.9,0,0,0,1,1,0,1,0,1,0,1,0,1,0,1,0,0,0,0,0,1,0,0,0.38571893818046793,Medium
0,0,1,1,62,1,1,70.45,4300.45,0,1,0,0,0,0,0,0,0,0,0,0,0,1,0,1,0,0,1,0,0,0,0,0.303729382313336,Medium
0,0,1,1,72,1,1,116.8,8456.75,0,1,1,0,0,1,0,1,0,1,0,1,0,1,0,1,0,1,1,0,0,0,0,0.11573185683001584,Low
0,0,1,1,30,1,0,66.3,1923.5,0,0,0,0,0,1,0,0,0,0,0,1,0,0,0,1,0,0,0,0,0,0,0,0.1966900507769514,Low
0,0,0,1,3,1,1,20.55,57.4,0,0,0,1,1,0,1,0,1,0,1,0,1,0,1,0,1,0,1,0,0,0,0,0.2288159405889453,Low
0,0,1,1,28,1,1,90.45,2509.25,0,1,1,0,0,0,0,0,0,0,0,1,0,0,0,1,1,0,0,1,0,0,1,0.5646726611635503,Medium
1,0,0,0,30,1,1,94.3,2679.7,0,1,1,0,0,1,0,1,0,0,0,0,0,0,0,1,0,0,1,0,0,0,1,0.6267303279154499,High
0,0,1,1,12,1,0,19.0,233.55,0,0,0,1,1,0,1,0,1,0,1,0,1,0,1,0,0,0,0,0,1,1,0,0.23874182936675606,Low
1,0,0,0,51,1,1,24.6,1266.4,0,1,0,1,1,0,1,0,1,0,1,0,1,0,1,0,1,0,0,0,0,0,0,0.060127404353624986,Low
0,0,0,0,15,0,0,45.9,693.45,1,0,0,0,0,1,0,1,0,1,0,1,0,0,0,0,1,0,0,0,1,0,0,0.2050263220523203,Low
1,0,1,1,72,1,1,25.1,1790.8,0,1,0,1,1,0,1,0,1,0,1,0,1,0,1,0,0,1,1,0,0,0,0,0.010646675643432513,Low
1,0,0,0,32,1,1,108.15,3432.9,0,1,1,0,0,1,0,1,0,0,0,1,0,1,0,1,0,0,1,0,0,1,1,0.604650575013102,High
0,1,0,0,6,1,1,74.1,450.9,0,0,1,0,0,1,0,0,0,0,0,0,0,0,0,0,0,0,0,1,0,0,1,0.7992070423967294,High
1,0,1,0,63,1,0,70.8,4448.8,0,0,0,0,0,1,0,1,0,0,0,1,0,1,0,0,1,0,1,0,0,0,0,0.043921731186364846,Low
0,1,0,0,11,1,1,95.15,997.65,0,1,1,0,0,0,0,0,0,0,0,0,0,1,0,1,0,0,0,0,0,1,1,0.8797953442563508,High
1,0,0,0,19,1,1,61.55,1093.2,0,0,0,0,0,0,0,0,0,0,0,1,0,1,0,0,0,0,1,0,0,0,0,0.4788807336554825,Medium
1,0,1,1,64,1,1,73.05,4688.65,0,0,0,0,0,1,0,0,0,1,0,0,0,1,0,1,1,0,1,0,0,0,0,0.09288590490474596,Low
0,0,1,1,7,1,0,69.45,477.05,0,0,0,0,0,1,0,1,0,1,0,0,0,1,0,0,1,0,0,1,0,0,0,0.29928500370655464,Low
0,1,0,0,4,1,0,20.05,91.45,0,0,0,1,1,0,1,0,1,0,1,0,1,0,1,0,0,0,0,0,1,0,0,0.392798801726467,Medium
1,0,0,0,7,1,1,19.95,147.5,0,0,0,1,1,0,1,0,1,0,1,0,1,0,1,0,0,0,0,0,1,0,0,0.4130990723071426,Medium
1,0,0,0,4,1,1,90.4,356.65,0,0,1,0,0,0,0,0,0,1,0,1,0,0,0,1,0,0,0,1,0,0,1,0.8319517946232184,High
0,0,0,0,3,1,1,74.55,233.65,0,0,1,0,0,1,0,0,0,0,0,0,0,0,0,0,0,0,0,1,0,0,1,0.7902998273940666,High
0,1,0,0,65,0,1,53.5,3517.9,1,0,0,0,0,0,0,1,0,1,0,0,0,1,0,1,0,1,0,0,0,0,0,0.10400481425108009,Low
1,0,1,1,42,1,0,63.7,2763.35,0,0,0,0,0,1,0,0,0,0,0,1,0,0,0,1,1,0,1,0,0,0,0,0.07454750904059798,Low
1,0,0,0,26,1,0,75.0,1908.35,0,0,0,0,0,1,0,0,0,0,0,1,0,1,0,1,1,0,0,0,0,0,0,0.1809237213808329,Low
0,0,0,0,48,1,0,25.05,1171.5,0,1,0,1,1,0,1,0,1,0,1,0,1,0,1,0,1,0,1,0,0,0,0,0.04777924571541425,Low
1,0,1,1,69,1,1,99.35,6856.45,0,1,1,0,0,0,0,0,0,0,0,1,0,1,0,1,0,1,0,1,0,0,0,0.23192833086195247,Low
1,0,1,1,17,0,0,44.45,792.15,1,0,0,0,0,1,0,0,0,1,0,0,0,1,0,0,1,0,1,0,0,0,0,0.28100478917445226,Low
0,0,1,1,1,1,1,21.0,21.0,0,0,0,1,1,0,1,0,1,0,1,0,1,0,1,0,0,0,0,1,0,1,1,0.5074248208983364,Medium
0,0,0,0,4,1,1,76.65,333.6,0,0,1,0,0,0,0,1,0,0,0,0,0,0,0,0,0,0,0,0,0,1,1,0.7660076615656135,High
0,1,0,0,34,1,1,96.35,3190.25,0,1,1,0,0,0,0,1,0,0,0,1,0,1,0,0,0,0,0,1,0,0,1,0.7375411924654078,High
0,0,0,0,2,1,0,70.35,139.25,0,0,1,0,0,0,0,0,0,0,0,0,0,0,0,0,0,0,0,1,0,0,1,0.8100501438658223,High
0,0,1,1,1,1,0,50.45,50.45,0,0,0,0,0,0,0,0,0,1,0,0,0,0,0,0,0,0,0,0,1,1,1,0.5268875759540784,Medium
0,0,0,0,12,1,0,20.3,246.7,0,0,0,1,1,0,1,0,1,0,1,0,1,0,1,0,0,0,0,0,1,0,0,0.2821797714771606,Low
1,0,0,0,38,1,1,69.5,2625.25,0,0,1,0,0,0,0,0,0,0,0,0,0,0,0,0,0,0,1,0,0,0,1,0.5602818877833524,Medium
0,0,1,1,31,1,0,80.55,2471.6,0,1,0,0,0,0,0,1,0,0,0,1,0,1,0,1,0,1,0,0,0,0,0,0.11389470064815659,Low
0,0,1,1,67,1,1,108.75,7156.2,0,1,1,0,0,1,0,0,0,1,0,1,0,1,0,1,0,1,1,0,0,1,0,0.12370696160422567,Low
1,0,1,1,22,1,1,88.75,1885.15,0,1,1,0,0,0,0,0,0,1,0,0,0,1,0,0,0,0,0,1,0,0,1,0.8066404938390196,High
0,0,1,0,63,1,1,81.2,4965.1,0,1,1,0,0,0,0,0,0,0,0,1,0,0,0,0,1,0,1,0,0,0,0,0.21923899936648703,Low
0,0,0,0,70,1,0,79.6,5589.45,0,0,0,0,0,1,0,0,0,1,0,1,0,1,0,1,0,1,0,0,0,0,0,0.027271051296816562,Low
1,0,0,0,1,1,0,20.45,20.45,0,0,0,1,1,0,1,0,1,0,1,0,1,0,1,0,0,0,0,0,1,0,0,0.39446944846304205,Medium
0,0,1,1,49,1,0,100.45,4941.8,0,1,1,0,0,0,0,1,0,0,0,0,0,1,0,1,1,0,0,0,1,1,0,0.3838371596988059,Medium
0,1,1,0,71,1,0,89.45,6435.25,0,0,1,0,0,0,0,1,0,1,0,0,0,0,0,1,0,1,1,0,0,0,0,0.11131519928384954,Low
0,0,1,1,23,1,1,66.25,1533.8,0,0,0,0,0,1,0,1,0,1,0,1,0,0,0,0,1,0,0,0,1,0,0,0.1255264785497259,Low
1,0,1,1,72,1,1,90.8,6397.6,0,1,0,0,0,1,0,1,0,1,0,1,0,1,0,1,0,1,1,0,0,0,0,0.03774732297825956,Low
0,0,1,1,72,1,1,71.45,5025.85,0,1,0,0,0,1,0,0,0,1,0,0,0,1,0,0,0,1,0,0,0,0,0,0.03636812180956359,Low
0,0,0,0,2,1,0,69.75,144.55,0,0,1,0,0,0,0,0,0,0,0,0,0,0,0,0,0,0,0,0,0,1,1,0.73847945179523,High
0,0,0,0,42,1,0,59.65,2536.55,0,0,0,0,0,1,0,1,0,1,0,0,0,0,0,0,0,0,0,0,0,0,0,0.14850695564736904,Low
0,0,1,1,47,1,0,19.75,948.9,0,0,0,1,1,0,1,0,1,0,1,0,1,0,1,0,0,1,0,0,1,0,0,0.016601278931546865,Low
1,0,0,1,29,1,0,19.85,535.05,0,0,0,1,1,0,1,0,1,0,1,0,1,0,1,0,1,0,0,0,1,0,0,0.06861845666259504,Low
0,0,1,1,72,0,1,63.8,4684.3,1,0,0,0,0,1,0,1,0,1,0,1,0,1,0,1,0,1,0,0,0,0,0,0.032947169319418136,Low
1,0,0,0,1,1,1,69.55,69.55,0,0,1,0,0,0,0,0,0,0,0,0,0,0,0,0,0,0,0,1,0,1,1,0.8633567144746035,High
1,0,0,0,40,1,1,51.1,2092.9,0,0,0,0,0,0,0,0,0,0,0,1,0,0,0,0,0,0,0,1,0,0,0,0.3369478690259683,Medium
1,0,0,0,1,1,0,62.05,62.05,0,1,0,0,0,0,0,0,0,1,0,1,0,0,0,0,0,0,0,0,1,1,1,0.5592659886454214,Medium
0,1,0,0,1,1,1,85.0,85.0,0,0,1,0,0,0,0,0,0,1,0,0,0,0,0,1,0,0,0,1,0,1,1,0.8972489393119462,High
1,0,1,1,70,1,0,98.3,6859.5,0,1,1,0,0,0,0,1,0,0,0,0,0,1,0,1,0,1,0,0,0,1,0,0.14150374117750603,Low
1,0,0,0,49,1,1,19.9,1022.6,0,0,0,1,1,0,1,0,1,0,1,0,1,0,1,0,0,1,1,0,0,0,0,0.02560493045738477,Low
1,0,0,0,17,1,1,76.65,1313.55,0,0,1,0,0,0,0,0,0,1,0,0,0,0,0,0,0,0,0,1,0,1,1,0.7912014026920529,High
1,0,0,0,33,1,1,66.4,2245.4,0,0,0,0,0,0,0,1,0,1,0,0,0,1,0,0,0,0,1,0,0,0,0,0.4140458830269457,Medium
1,1,1,0,17,1,1,100.45,1622.45,0,1,1,0,0,0,0,0,0,1,0,0,0,1,0,1,0,0,1,0,0,1,1,0.86389197845075,High
1,0,1,1,21,1,1,75.9,1549.75,0,1,0,0,0,1,0,0,0,0,0,0,0,1,0,1,1,0,0,0,0,0,0,0.35312219594943123,Medium
0,0,0,0,35,1,1,85.95,3110.1,0,1,0,0,0,1,0,0,0,1,0,1,0,1,0,1,1,0,1,0,0,1,0,0.23795933179194165,Low
0,0,0,0,12,0,0,60.65,743.3,1,0,0,0,0,0,0,1,0,1,0,1,0,1,0,1,1,0,0,1,0,0,1,0.5063989372440468,Medium
0,0,1,0,9,1,0,50.85,466.6,0,0,0,0,0,0,0,1,0,0,0,0,0,0,0,0,0,0,0,0,1,0,0,0.4851313548256686,Medium
0,0,1,1,72,1,0,24.45,1709.1,0,1,0,1,1,0,1,0,1,0,1,0,1,0,1,0,0,1,0,0,0,0,0,0.007179188606079451,Low
1,1,1,0,18,1,1,59.1,1011.05,0,0,0,0,0,1,0,0,0,0,0,0,0,0,0,1,0,0,1,0,0,0,1,0.5136407635043309,Medium
0,0,1,0,58,1,1,109.1,6393.65,0,1,1,0,0,1,0,1,0,0,0,1,0,1,0,1,0,1,1,0,0,0,0,0.1711597507939077,Low
0,1,0,1,30,1,1,101.3,2974.5,0,1,1,0,0,0,0,0,0,0,0,1,0,1,0,1,0,0,0,1,0,0,1,0.7942280868414259,High
1,0,1,1,56,1,0,115.85,6567.9,0,1,1,0,0,1,0,1,0,1,0,1,0,1,0,1,0,1,0,0,1,0,0,0.12403743620977947,Low
1,0,0,0,10,1,1,94.9,1048.85,0,0,1,0,0,0,0,0,0,1,0,0,0,1,0,1,0,0,0,1,0,1,1,0.8849318175934229,High
0,0,1,0,2,0,1,35.1,68.75,1,0,0,0,0,0,0,0,0,0,0,0,0,0,0,1,0,0,0,1,0,1,1,0.8579178938367737,High
0,0,1,1,18,1,1,24.65,471.35,0,1,0,1,1,0,1,0,1,0,1,0,1,0,1,0,0,1,1,0,0,0,0,0.09199790008281494,Low
0,0,1,1,51,0,1,56.15,2898.95,1,0,0,0,0,0,0,0,0,1,0,1,0,1,0,1,1,0,0,1,0,0,0,0.259285320532417,Low
1,0,1,0,60,1,1,109.45,6572.85,0,1,1,0,0,1,0,0,0,1,0,1,0,1,0,1,0,0,0,0,0,0,0,0.48419444742730794,Medium
0,0,1,1,24,1,0,55.15,1319.85,0,0,0,0,0,1,0,0,0,0,0,1,0,0,0,0,0,0,0,1,0,0,0,0.24896512371063478,Low
1,0,1,0,70,1,0,115.65,7968.85,0,1,1,0,0,1,0,1,0,1,0,1,0,1,0,1,1,0,1,0,0,1,0,0.1909431778559944,Low
1,0,0,0,12,1,1,53.75,648.65,0,0,0,0,0,0,0,1,0,0,0,1,0,0,0,0,0,0,0,0,1,0,0,0.4492687732755187,Medium
1,0,1,1,25,1,1,61.6,1611.0,0,0,0,0,0,1,0,1,0,1,0,0,0,0,0,0,1,0,0,0,0,0,0,0.15721966122525818,Low
1,0,0,0,36,1,1,20.35,695.85,0,0,0,1,1,0,1,0,1,0,1,0,1,0,1,0,1,0,1,0,0,0,0,0.0840874855287881,Low
1,0,1,1,11,1,0,90.6,1020.2,0,0,1,0,0,0,0,0,0,0,0,0,0,1,0,1,0,0,0,1,0,0,1,0.8172675944728528,High
1,0,1,1,7,1,1,89.75,608.8,0,0,1,0,0,0,0,1,0,0,0,1,0,1,0,0,0,0,0,1,0,1,1,0.7611233657477116,High
0,1,1,0,26,1,1,98.1,2510.7,0,1,1,0,0,0,0,0,0,1,0,0,0,1,0,1,0,0,0,0,0,0,1,0.8258931398734303,High
1,0,0,0,41,1,1,74.25,3089.1,0,0,1,0,0,0,0,0,0,0,0,1,0,0,0,0,0,0,0,1,0,0,1,0.5596455034212037,Medium
0,1,0,0,57,0,1,55.0,3094.05,1,0,0,0,0,0,0,1,0,1,0,0,0,1,0,1,0,0,0,1,0,0,0,0.49547512710504915,Medium
0,0,1,1,28,1,1,90.1,2598.95,0,0,1,0,0,0,0,0,0,0,0,0,0,1,0,1,1,0,0,0,0,1,1,0.5529093047041395,Medium
0,0,0,0,10,1,0,64.9,685.55,0,0,0,0,0,0,0,1,0,0,0,1,0,0,0,1,1,0,0,0,1,0,0,0.280690857586313,Low
0,0,0,0,41,1,1,56.3,2364.0,0,1,0,0,0,0,0,1,0,0,0,0,0,0,0,0,1,0,1,0,0,0,0,0.20028780772292187,Low
0,0,0,0,22,1,1,89.05,1886.25,0,0,1,0,0,1,0,0,0,0,0,1,0,0,0,1,0,0,0,1,0,0,1,0.658829772362592,High
0,0,0,0,57,1,1,112.95,6465.0,0,1,1,0,0,1,0,1,0,1,0,0,0,1,0,1,0,1,0,0,0,1,0,0.23592804671611042,Low
1,0,0,0,13,1,0,19.45,270.2,0,0,0,1,1,0,1,0,1,0,1,0,1,0,1,0,1,0,0,0,1,0,0,0.15688601483082332,Low
0,0,1,1,61,1,1,100.7,6018.65,0,1,1,0,0,1,0,1,0,1,0,0,0,0,0,1,1,0,1,0,0,0,0,0.22907895652528038,Low
0,0,1,1,1,1,0,20.05,20.05,0,0,0,1,1,0,1,0,1,0,1,0,1,0,1,0,0,0,0,0,1,0,0,0.3384095940635927,Medium
0,0,1,1,18,1,0,19.35,309.25,0,0,0,1,1,0,1,0,1,0,1,0,1,0,1,0,0,1,0,0,1,0,0,0.054785482545076425,Low
1,0,0,0,6,1,1,87.95,522.35,0,1,1,0,0,0,0,0,0,0,0,1,0,0,0,1,0,0,0,0,0,0,1,0.8009234177857272,High
0,0,0,0,7,1,1,59.5,415.95,0,0,0,0,0,0,0,0,0,0,0,1,0,1,0,0,0,0,0,0,1,1,1,0.5841180400925874,Medium
0,0,1,1,9,1,1,55.3,501.2,0,1,0,0,0,0,0,1,0,0,0,0,0,0,0,0,0,0,0,0,1,0,1,0.5719666487549849,Medium
1,1,1,1,1,1,1,49.25,49.25,0,0,0,0,0,0,0,0,0,0,0,1,0,0,0,0,0,0,1,0,0,1,1,0.5612745046973474,Medium
1,0,0,0,9,1,1,80.8,713.1,0,0,1,0,0,0,0,0,0,0,0,0,0,0,0,1,0,0,0,1,0,1,1,0.8654581321383058,High
0,0,1,0,49,1,0,20.45,900.9,0,0,0,1,1,0,1,0,1,0,1,0,1,0,1,0,1,0,0,0,0,0,0,0.035236620245738835,Low
0,0,0,0,15,1,1,99.1,1426.4,0,0,1,0,0,1,0,1,0,0,0,0,0,1,0,1,0,0,1,0,0,1,1,0.711005879605437,High
0,0,1,1,30,1,0,19.55,608.5,0,0,0,1,1,0,1,0,1,0,1,0,1,0,1,0,1,0,0,0,0,0,0,0.06237825591950432,Low
0,1,1,0,70,1,1,75.65,5411.4,0,1,1,0,0,0,0,0,0,0,0,0,0,0,0,0,0,1,1,0,0,0,0,0.155689732332627,Low
1,0,0,0,25,1,1,105.5,2686.05,0,0,1,0,0,1,0,0,0,1,0,1,0,1,0,1,0,0,0,1,0,0,1,0.7115921848981009,High
0,0,1,1,49,0,1,35.8,1782.0,1,0,0,0,0,1,0,0,0,0,0,1,0,0,0,0,1,0,1,0,0,0,0,0.0799353199133064,Low
1,0,0,0,18,0,0,25.15,476.8,1,0,0,0,0,0,0,0,0,0,0,0,0,0,0,0,0,0,0,0,1,0,1,0.5515307170984924,Medium
0,0,0,0,25,1,1,19.2,532.1,0,0,0,1,1,0,1,0,1,0,1,0,1,0,1,0,0,0,1,0,0,0,0,0.2279301691849407,Low
1,0,0,1,23,0,0,40.1,857.75,1,0,0,0,0,1,0,0,0,1,0,1,0,0,0,0,0,1,0,0,1,0,0,0.07988033088124194,Low
1,0,1,1,67,1,0,103.15,6895.5,0,0,1,0,0,0,0,1,0,1,0,1,0,1,0,1,0,1,0,0,0,0,0,0.09061588194943235,Low
1,0,1,1,35,1,0,20.5,759.35,0,0,0,1,1,0,1,0,1,0,1,0,1,0,1,0,0,1,0,0,0,0,0,0.027327442435968803,Low
1,0,0,0,1,1,1,45.85,45.85,0,0,0,0,0,0,0,0,0,0,0,0,0,0,0,0,0,0,0,0,1,1,1,0.6771086053886639,High
1,0,1,0,72,1,0,114.45,8375.05,0,1,1,0,0,1,0,1,0,1,0,1,0,1,0,1,0,1,1,0,0,0,0,0.10311582033747319,Low
0,0,0,0,1,1,0,20.7,20.7,0,0,0,1,1,0,1,0,1,0,1,0,1,0,1,0,0,0,0,1,0,0,0,0.4729945599073622,Medium
1,1,1,1,60,1,1,80.95,4859.1,0,1,1,0,0,1,0,0,0,0,0,0,0,0,0,0,0,0,0,1,0,0,0,0.46735697656527986,Medium
0,0,0,0,7,1,1,59.1,369.25,0,0,0,0,0,1,0,0,0,0,0,0,0,0,0,1,1,0,0,1,0,0,0,0.47753732985256214,Medium
1,0,0,0,64,1,0,19.55,1240.15,0,0,0,1,1,0,1,0,1,0,1,0,1,0,1,0,0,1,0,0,1,0,0,0.010033345351441169,Low
0,0,0,0,15,1,0,48.85,736.8,0,0,0,0,0,0,0,1,0,0,0,0,0,0,0,0,0,0,0,1,0,0,1,0.5038667860287734,Medium
1,0,1,1,2,1,0,19.85,35.9,0,0,0,1,1,0,1,0,1,0,1,0,1,0,1,0,1,0,0,0,1,1,0,0.19592584045851857,Low
0,0,0,0,13,1,1,78.75,995.35,0,1,0,0,0,1,0,0,0,1,0,0,0,1,0,1,0,0,0,1,0,0,1,0.7074190438796728,High
1,0,0,0,26,1,1,98.35,2515.3,0,1,1,0,0,0,0,0,0,1,0,0,0,1,0,1,0,0,0,1,0,1,1,0.860587822650108,High
0,0,1,0,52,0,0,35.45,1958.95,1,0,0,0,0,1,0,0,0,1,0,0,0,0,0,0,1,0,0,0,1,0,0,0.09182535615900225,Low
1,0,0,0,1,1,1,20.2,20.2,0,0,0,1,1,0,1,0,1,0,1,0,1,0,1,0,0,0,0,0,0,1,0,0.46267362298903325,Medium
0,1,0,0,15,1,0,89.85,1424.95,0,1,1,0,0,0,0,1,0,0,0,0,0,0,0,1,0,0,0,1,0,1,1,0.8289997371796538,High
0,0,0,0,2,1,0,74.9,147.15,0,1,1,0,0,0,0,0,0,0,0,0,0,0,0,0,0,0,1,0,0,1,1,0.7819904266875676,High
0,0,1,1,31,1,1,91.15,2995.45,0,1,1,0,0,0,0,1,0,0,0,0,0,0,0,1,0,0,0,1,0,1,1,0.7613347666075808,High
1,0,0,0,26,1,0,75.5,2018.1,0,0,1,0,0,0,0,1,0,0,0,0,0,0,0,0,1,0,0,0,0,0,0,0.3685543454404801,Medium
0,0,0,0,10,0,0,29.75,301.9,1,0,0,0,0,1,0,0,0,0,0,0,0,0,0,0,0,0,0,0,1,0,1,0.5214981462383544,Medium
1,0,0,0,1,1,0,20.05,20.05,0,0,0,1,1,0,1,0,1,0,1,0,1,0,1,0,0,0,0,0,1,0,0,0.39326779138689616,Medium
0,1,0,0,2,1,1,79.6,195.05,0,0,1,0,0,0,0,0,0,0,0,0,0,0,0,1,0,0,0,1,0,1,1,0.8993482161292994,High
1,0,0,0,2,1,0,19.3,28.3,0,0,0,1,1,0,1,0,1,0,1,0,1,0,1,0,1,0,1,0,0,1,0,0.21895450983450696,Low
0,0,1,0,13,0,1,48.75,633.4,1,0,0,0,0,0,0,0,0,1,0,0,0,1,0,1,0,0,0,0,0,1,1,0.7576628361851336,High
1,0,1,1,33,1,0,74.75,2453.3,0,0,0,0,0,1,0,0,0,1,0,0,0,1,0,1,1,0,1,0,0,0,0,0.16542828015997524,Low
0,1,0,0,46,1,1,91.3,4126.35,0,0,1,0,0,0,0,1,0,1,0,0,0,1,0,0,1,0,0,0,0,0,0,0.404996186093756,Medium
0,0,0,0,13,0,0,49.15,649.4,1,0,0,0,0,0,0,0,0,1,0,0,0,1,0,1,0,0,0,1,0,0,1,0.7670414590562711,High
0,1,0,0,37,1,1,106.75,4056.75,0,1,1,0,0,1,0,1,0,0,0,0,0,1,0,1,0,0,0,0,0,1,1,0.7023954865918569,High
0,0,1,1,61,1,0,19.1,1143.8,0,0,0,1,1,0,1,0,1,0,1,0,1,0,1,0,1,0,1,0,0,0,0,0.01675989897717708,Low
1,0,0,0,1,1,0,20.8,20.8,0,0,0,1,1,0,1,0,1,0,1,0,1,0,1,0,0,0,0,0,1,0,0,0.3955219466131187,Medium
0,0,1,1,9,1,1,75.85,647.5,0,0,1,0,0,0,0,0,0,0,0,1,0,0,0,0,0,0,0,1,0,0,1,0.7320669884487991,High
1,0,0,0,3,1,1,69.6,207.4,0,0,1,0,0,0,0,0,0,0,0,0,0,0,0,0,0,0,0,0,1,0,1,0.807252619904295,High
1,0,1,0,69,1,0,19.9,1363.45,0,0,0,1,1,0,1,0,1,0,1,0,1,0,1,0,0,1,0,0,1,0,0,0.008356332833507132,Low
0,0,1,1,62,1,0,20.3,1296.15,0,0,0,1,1,0,1,0,1,0,1,0,1,0,1,0,0,1,0,0,0,0,0,0.008404332848125879,Low
1,0,0,0,20,1,1,19.7,419.4,0,0,0,1,1,0,1,0,1,0,1,0,1,0,1,0,0,1,0,0,1,0,0,0.08813058060617099,Low
1,0,0,0,61,1,0,104.0,6363.45,0,1,1,0,0,1,0,0,0,1,0,0,0,1,0,1,1,0,0,1,0,0,0,0.38236541289141035,Medium
0,0,0,0,4,1,0,23.9,97.5,0,1,0,1,1,0,1,0,1,0,1,0,1,0,1,0,1,0,0,1,0,0,0,0.3219509862386118,Medium
1,0,1,0,63,1,0,102.6,6296.75,0,1,1,0,0,0,0,0,0,1,0,0,0,1,0,1,0,1,0,1,0,0,0,0.31124874196022073,Medium
1,0,0,0,50,0,1,35.0,1782.4,1,0,0,0,0,1,0,1,0,0,0,0,0,0,0,0,0,0,0,0,1,0,0,0.2176874526777091,Low
1,0,0,0,1,1,0,80.5,80.5,0,0,1,0,0,0,0,0,0,0,0,0,0,0,0,1,0,0,0,1,0,1,1,0.8528812880423892,High
0,0,1,1,70,1,0,74.1,5222.3,0,0,0,0,0,1,0,1,0,1,0,1,0,0,0,1,1,0,1,0,0,0,0,0.028018719707247036,Low
0,0,1,1,72,1,1,76.8,5468.45,0,1,0,0,0,0,0,0,0,1,0,0,0,1,0,1,0,1,0,0,0,0,0,0.07544025699000893,Low
0,0,0,0,35,1,0,60.55,1982.6,0,0,0,0,0,1,0,1,0,1,0,0,0,0,0,0,0,0,0,1,0,0,0,0.24625060216215777,Low
1,0,0,0,12,1,1,67.25,832.3,0,1,0,0,0,1,0,1,0,0,0,1,0,0,0,0,0,0,0,1,0,0,1,0.5089073438758625,Medium
0,0,1,0,56,1,0,109.8,6109.65,0,1,1,0,0,1,0,1,0,1,0,0,0,1,0,1,1,0,0,0,0,0,0,0.2962307170000781,Low
1,0,0,1,12,1,1,73.75,871.4,0,1,1,0,0,0,0,0,0,0,0,0,0,0,0,0,0,0,1,0,0,1,1,0.7483207895780316,High
0,0,0,0,36,1,0,55.8,1941.5,0,1,0,0,0,0,0,0,0,1,0,0,0,0,0,0,1,0,0,1,0,0,0,0.25546845606644303,Low
0,0,1,0,40,1,0,105.75,4228.55,0,1,1,0,0,1,0,0,0,1,0,0,0,1,0,1,1,0,0,0,0,0,0,0.4145505703525179,Medium
0,0,0,0,3,1,1,19.6,59.75,0,0,0,1,1,0,1,0,1,0,1,0,1,0,1,0,0,0,0,0,1,1,0,0.44659885798355536,Medium
0,1,0,0,40,1,1,103.75,4188.4,0,1,1,0,0,0,0,0,0,1,0,1,0,1,0,1,1,0,1,0,0,0,1,0.539691312197416,Medium
1,0,1,0,67,1,0,70.9,4677.1,0,1,0,0,0,1,0,1,0,1,0,1,0,0,0,0,0,1,1,0,0,0,0,0.018942772562905403,Low
0,0,0,0,67,1,1,72.35,4991.5,0,0,0,0,0,1,0,0,0,1,0,1,0,0,0,1,1,0,0,0,0,0,0,0.06273999870451773,Low
0,0,0,0,7,1,1,66.85,458.1,0,0,0,0,0,0,0,0,0,0,0,0,0,1,0,1,0,0,0,1,0,0,1,0.790970619965846,High
1,0,0,0,3,1,0,90.4,268.45,0,0,1,0,0,0,0,1,0,1,0,0,0,0,0,1,0,0,0,1,0,0,1,0.815792052908118,High
1,0,0,0,42,1,1,100.3,4222.95,0,1,1,0,0,0,0,0,0,0,0,1,0,1,0,1,0,0,0,1,0,0,1,0.758995045389639,High
0,0,1,1,40,1,1,26.2,1077.5,0,1,0,1,1,0,1,0,1,0,1,0,1,0,1,0,0,0,0,1,0,0,0,0.2052589578698871,Low
0,1,1,0,53,1,1,94.0,4871.45,0,0,1,0,0,0,0,1,0,1,0,1,0,1,0,0,1,0,0,1,0,0,0,0.3732298421246287,Medium
0,0,0,0,3,1,0,19.55,61.05,0,0,0,1,1,0,1,0,1,0,1,0,1,0,1,0,0,0,0,1,0,0,0,0.4480407847983322,Medium
0,1,0,0,9,1,1,90.1,816.8,0,1,1,0,0,0,0,0,0,1,0,0,0,1,0,0,0,0,0,1,0,0,1,0.8965193439524002,High
0,0,1,1,72,1,1,20.1,1326.25,0,0,0,1,1,0,1,0,1,0,1,0,1,0,1,0,0,1,1,0,0,0,0,0.007386537167071506,Low
1,1,0,0,46,1,0,85.0,3969.4,0,0,1,0,0,1,0,0,0,0,0,0,0,0,0,1,0,0,0,1,0,1,1,0.5491683717682974,Medium
0,0,1,1,61,1,1,24.1,1551.6,0,1,0,1,1,0,1,0,1,0,1,0,1,0,1,0,0,1,0,0,1,0,0,0.017204543691932514,Low
0,0,1,1,54,1,0,69.95,3871.85,0,0,0,0,0,1,0,0,0,1,0,1,0,0,0,1,0,1,0,0,0,0,0,0.026344663208247965,Low
1,0,0,0,11,0,1,41.6,470.6,1,0,0,0,0,0,0,0,0,1,0,0,0,1,0,0,1,0,0,1,0,1,1,0.6643631084553844,High
0,0,1,0,29,1,1,19.55,521.8,0,0,0,1,1,0,1,0,1,0,1,0,1,0,1,0,0,1,0,0,1,0,0,0.059957731593229,Low
1,0,1,1,67,1,1,111.3,7482.1,0,1,1,0,0,1,0,1,0,1,0,0,0,1,0,1,1,0,0,1,0,1,0,0.37325279893632957,Medium
1,0,1,1,49,1,1,97.95,4917.9,0,1,1,0,0,0,0,0,0,0,0,1,0,1,0,1,1,0,0,1,0,0,1,0.5017542852474267,Medium
1,0,1,0,72,1,1,100.55,7325.1,0,1,1,0,0,1,0,1,0,0,0,1,0,0,0,1,0,1,0,0,0,0,0,0.09934910591219935,Low
0,0,1,1,71,1,0,87.25,6328.7,0,0,0,0,0,1,0,1,0,1,0,1,0,1,0,1,0,1,1,0,0,0,0,0.021985462961652217,Low
0,1,0,0,44,1,0,74.85,3268.05,0,0,0,0,0,0,0,0,0,1,0,1,0,1,0,1,1,0,0,0,0,0,0,0.17282230265400098,Low
1,0,1,1,41,1,1,60.3,2511.3,0,0,0,0,0,1,0,1,0,1,0,0,0,0,0,0,1,0,0,0,0,0,0,0.0947230529151482,Low
0,0,0,0,11,1,1,58.95,601.6,0,1,0,0,0,0,0,0,0,0,0,0,0,0,0,1,0,0,0,0,1,0,1,0.6923720679518259,High
0,0,0,0,13,1,1,19.3,279.3,0,0,0,1,1,0,1,0,1,0,1,0,1,0,1,0,0,0,0,0,1,0,0,0.3440216622170893,Medium
0,1,1,0,55,1,0,88.8,4805.3,0,0,1,0,0,0,0,0,0,1,0,1,0,1,0,0,0,1,1,0,0,0,0,0.12866250921934572,Low
0,0,0,0,11,1,0,48.55,501.0,0,0,0,0,0,1,0,0,0,0,0,0,0,0,0,0,0,0,1,0,0,1,0,0.37280997438984237,Medium
0,0,0,1,48,0,0,45.55,2108.35,1,0,0,0,0,0,0,1,0,1,0,0,0,0,0,1,0,0,1,0,0,0,0,0.24135541808994604,Low
1,0,0,0,31,1,0,81.7,2548.65,0,1,1,0,0,0,0,0,0,0,0,1,0,0,0,0,1,0,1,0,0,0,0,0.35233289350781344,Medium
1,0,0,0,63,1,0,109.2,7049.75,0,0,1,0,0,1,0,1,0,1,0,1,0,1,0,1,0,1,1,0,0,0,0,0.09202649980494712,Low
0,1,1,1,61,1,1,65.2,3965.05,0,1,0,0,0,0,0,0,0,1,0,0,0,1,0,0,1,0,0,1,0,0,0,0.21151135509340185,Low
0,0,1,1,72,1,0,24.25,1784.5,0,1,0,1,1,0,1,0,1,0,1,0,1,0,1,0,0,1,1,0,0,0,0,0.007285533412521385,Low
0,0,1,1,53,1,1,108.25,5935.1,0,0,1,0,0,0,0,1,0,1,0,1,0,1,0,1,0,0,0,0,0,0,0,0.48641697791837324,Medium
0,1,0,0,7,1,1,48.2,340.35,0,0,0,0,0,1,0,0,0,0,0,0,0,0,0,0,0,0,0,1,0,0,1,0.6298442334921586,High
0,0,1,1,28,1,1,81.05,2227.1,0,0,1,0,0,0,0,0,0,0,0,0,0,0,0,1,0,0,0,1,0,1,1,0.7424225663586036,High
0,0,0,0,16,1,0,72.65,1194.3,0,1,1,0,0,0,0,0,0,0,0,0,0,0,0,0,0,0,0,1,0,1,1,0.7721400408794551,High
0,0,0,1,7,1,1,71.05,472.65,0,0,1,0,0,0,0,0,0,0,0,0,0,0,0,0,0,0,0,1,0,0,1,0.8033166825575797,High
0,0,0,0,5,1,1,64.0,370.25,0,1,0,0,0,0,0,1,0,0,0,0,0,0,0,1,0,0,0,1,0,0,1,0.7738200463468132,High
0,0,1,1,71,1,0,23.9,1663.5,0,1,0,1,1,0,1,0,1,0,1,0,1,0,1,0,0,1,1,0,0,0,0,0.007405699834360251,Low
1,0,1,1,7,0,1,34.5,279.25,1,0,0,0,0,1,0,0,0,0,0,1,0,0,0,0,0,0,0,1,0,1,1,0.5907246173803116,Medium
1,1,0,0,11,1,1,111.4,1183.05,0,1,1,0,0,0,0,1,0,1,0,1,0,1,0,1,0,0,0,1,0,0,1,0.8702951835261331,High
1,0,0,0,52,0,0,63.9,3334.95,1,0,0,0,0,1,0,1,0,1,0,1,0,1,0,1,0,1,1,0,0,0,0,0.0557983202775502,Low
0,0,0,0,49,1,0,67.4,3306.85,0,0,0,0,0,1,0,1,0,1,0,1,0,0,0,0,0,1,0,0,0,0,0,0.02499552637380499,Low
1,0,0,0,19,1,0,18.8,279.2,0,0,0,1,1,0,1,0,1,0,1,0,1,0,1,0,1,0,0,0,1,0,0,0.12205011705878414,Low
1,0,0,0,2,1,1,80.95,171.15,0,0,1,0,0,0,0,0,0,0,0,0,0,0,0,1,0,0,0,1,0,1,1,0.888588715919084,High
1,0,1,0,52,1,1,95.65,5088.4,0,1,1,0,0,0,0,1,0,0,0,1,0,0,0,1,0,0,1,0,0,0,1,0.5264798720935697,Medium
1,0,1,0,23,1,0,84.25,1968.1,0,1,1,0,0,0,0,1,0,1,0,0,0,0,0,0,0,0,0,1,0,0,1,0.7141218781603794,High
1,1,0,0,8,1,1,69.7,572.85,0,0,1,0,0,0,0,0,0,0,0,0,0,0,0,0,0,0,0,1,0,0,1,0.8555043651542256,High
0,1,1,1,65,1,1,103.9,6767.1,0,1,1,0,0,0,0,0,0,1,0,1,0,1,0,1,1,0,0,0,0,0,0,0.33949754650800523,Medium
1,0,0,1,2,1,1,55.3,108.65,0,0,0,0,0,0,0,0,0,0,0,0,0,0,0,1,0,0,0,1,0,0,1,0.7425473349089553,High
0,0,1,0,62,1,0,23.65,1416.75,0,1,0,1,1,0,1,0,1,0,1,0,1,0,1,0,0,1,0,0,0,0,0,0.013394814643354763,Low
1,0,0,0,3,1,1,89.85,244.45,0,0,1,0,0,0,0,0,0,1,0,1,0,1,0,0,0,0,0,0,1,0,1,0.7758671548774098,High
1,0,1,1,49,1,1,93.65,4520.15,0,1,1,0,0,0,0,1,0,1,0,0,0,1,0,0,1,0,0,1,0,0,0,0.4593958656530078,Medium
0,0,0,1,15,1,0,69.0,994.8,0,0,1,0,0,0,0,0,0,0,0,0,0,0,0,0,0,0,0,0,0,1,1,0.5913802585890133,Medium
0,0,0,1,41,1,1,20.25,865.0,0,0,0,1,1,0,1,0,1,0,1,0,1,0,1,0,1,0,1,0,0,0,0,0.05476743015065929,Low
0,1,0,0,46,1,1,104.45,4863.85,0,1,1,0,0,0,0,1,0,1,0,0,0,1,0,1,0,0,0,1,0,0,1,0.7963281515189329,High
1,0,0,0,56,1,1,25.95,1444.05,0,1,0,1,1,0,1,0,1,0,1,0,1,0,1,0,0,1,0,0,0,0,0,0.025824004058912664,Low
1,0,0,0,48,1,1,95.4,4445.3,0,1,1,0,0,1,0,0,0,0,0,1,0,0,0,1,0,0,0,1,0,0,1,0.5670763425489955,Medium
1,0,0,0,2,1,0,70.7,129.2,0,0,1,0,0,0,0,0,0,0,0,0,0,0,0,0,0,0,0,0,1,0,1,0.756787679513522,High
0,0,1,1,72,1,0,23.75,1679.25,0,1,0,1,1,0,1,0,1,0,1,0,1,0,1,0,0,1,0,0,0,0,0,0.007071231984812562,Low
1,0,1,0,45,1,0,78.8,3597.5,0,0,0,0,0,1,0,1,0,1,0,0,0,1,0,1,1,0,0,0,0,0,0,0.13202426713549267,Low
1,0,1,1,37,1,1,62.8,2278.75,0,1,0,0,0,1,0,0,0,1,0,1,0,0,0,0,0,1,1,0,0,0,0,0.056621531962154484,Low
0,0,0,0,61,1,0,89.2,5500.6,0,1,1,0,0,0,0,0,0,1,0,0,0,0,0,1,0,0,0,0,1,0,0,0.47344573214376945,Medium
0,0,0,0,60,1,0,20.6,1093.0,0,0,0,1,1,0,1,0,1,0,1,0,1,0,1,0,0,1,0,0,1,0,0,0.011534044501923772,Low
0,1,1,0,2,1,0,50.15,115.1,0,0,0,0,0,0,0,1,0,0,0,0,0,0,0,0,0,0,1,0,0,1,1,0.5704690513149437,Medium
0,0,1,1,63,1,0,75.55,4707.85,0,0,0,0,0,1,0,1,0,1,0,1,0,1,0,0,0,1,1,0,0,0,0,0.017379257433353834,Low
0,1,0,0,4,1,1,84.6,360.1,0,1,1,0,0,0,0,0,0,0,0,0,0,0,0,1,0,0,0,1,0,1,1,0.9143195593163408,High
1,0,0,0,62,1,0,102.0,6529.25,0,1,1,0,0,1,0,1,0,0,0,1,0,0,0,1,1,0,0,1,0,1,0,0.24150334705191334,Low
0,0,0,0,62,1,1,92.05,5755.8,0,1,1,0,0,1,0,1,0,1,0,0,0,0,0,0,1,0,0,1,0,0,0,0.28272338143376624,Low
1,0,0,0,69,1,1,97.65,6743.55,0,1,1,0,0,0,0,1,0,1,0,1,0,1,0,0,0,1,1,0,0,0,0,0.13043024415686139,Low
0,0,0,0,4,1,1,105.65,443.9,0,0,1,0,0,0,0,1,0,1,0,1,0,1,0,1,1,0,0,1,0,1,1,0.7146415330192233,High
0,0,1,0,49,0,1,56.3,2780.6,1,0,0,0,0,0,0,1,0,0,0,1,0,1,0,1,1,0,1,0,0,0,0,0.21964152240259374,Low
1,0,0,0,51,1,1,81.15,4126.2,0,1,0,0,0,1,0,1,0,1,0,1,0,1,0,0,1,0,1,0,0,0,0,0.11183315519714472,Low
1,0,0,0,26,0,1,44.65,1156.55,1,0,0,0,0,1,0,1,0,0,0,0,0,0,0,1,0,0,0,0,0,0,0,0.47551155105465326,Medium
0,0,0,0,9,1,1,43.75,405.7,0,0,0,0,0,0,0,0,0,0,0,0,0,0,0,0,0,0,0,1,0,0,1,0.6749772588260691,High
0,0,0,0,57,1,0,94.7,5468.95,0,1,1,0,0,0,0,1,0,0,0,1,0,0,0,1,1,0,0,1,0,0,0,0.3161589177087009,Medium
0,0,1,0,37,1,0,19.5,805.2,0,0,0,1,1,0,1,0,1,0,1,0,1,0,1,0,0,0,0,0,0,0,0,0.11437740475003914,Low
1,0,0,0,30,1,1,97.0,3021.3,0,0,1,0,0,0,0,1,0,0,0,0,0,1,0,1,1,0,0,0,0,0,1,0.5763235690144373,Medium
0,1,1,1,70,1,1,107.9,7475.85,0,1,1,0,0,0,0,1,0,1,0,1,0,1,0,1,1,0,0,1,0,0,0,0.3737236887798193,Medium
1,0,0,1,22,1,1,89.4,2001.5,0,0,1,0,0,0,0,1,0,1,0,0,0,1,0,0,0,0,0,1,0,1,1,0.7390158922178478,High
1,0,0,0,39,0,1,48.95,1880.85,1,0,0,0,0,1,0,1,0,0,0,1,0,1,0,0,0,0,1,0,0,1,0,0.27771478060715504,Low
0,1,1,0,33,1,1,80.6,2656.5,0,1,1,0,0,0,0,1,0,0,0,0,0,0,0,0,0,0,0,0,0,1,1,0.6725596189884422,High
1,0,0,0,60,1,1,116.6,7049.5,0,1,1,0,0,1,0,1,0,1,0,1,0,1,0,1,1,0,1,0,0,0,0,0.3014297319561003,Medium
0,0,1,1,1,1,0,19.45,19.45,0,0,0,1,1,0,1,0,1,0,1,0,1,0,1,0,0,0,0,1,0,0,0,0.4180484205430328,Medium
0,0,1,1,12,1,1,58.35,740.55,0,0,0,0,0,0,0,0,0,1,0,0,0,1,0,0,0,0,1,0,0,0,1,0.5517740008792579,Medium
0,0,1,1,51,1,0,19.95,1028.75,0,0,0,1,1,0,1,0,1,0,1,0,1,0,1,0,0,1,0,0,1,0,0,0.014039474251378059,Low
0,0,1,1,22,1,1,80.15,1790.65,0,0,1,0,0,0,0,0,0,0,0,0,0,0,0,1,0,0,0,1,0,0,1,0.7749371764008155,High
1,0,1,1,1,1,0,18.8,18.8,0,0,0,1,1,0,1,0,1,0,1,0,1,0,1,0,1,0,0,0,1,0,0,0.2008272895269953,Low
1,0,1,1,39,1,0,100.0,3835.55,0,1,1,0,0,0,0,0,0,1,0,0,0,1,0,1,1,0,0,1,0,0,1,0.5600465410572569,Medium
0,0,0,0,4,1,1,93.5,362.2,0,1,1,0,0,0,0,1,0,0,0,1,0,0,0,1,0,0,0,1,0,1,1,0.8417676629181863,High
0,0,0,0,39,1,1,80.45,3201.55,0,0,1,0,0,0,0,0,0,1,0,1,0,0,0,0,0,1,0,1,0,1,0,0.24409896003426487,Low
1,1,1,0,69,1,1,84.9,5785.65,0,1,1,0,0,1,0,1,0,0,0,0,0,0,0,0,0,0,1,0,0,0,0,0.3302576545834655,Medium
1,1,1,0,8,1,1,64.4,581.7,0,0,0,0,0,0,0,0,0,1,0,1,0,0,0,1,0,0,1,0,0,0,1,0.6109204557188259,High
1,0,1,0,68,1,0,25.05,1629.2,0,1,0,1,1,0,1,0,1,0,1,0,1,0,1,0,0,1,1,0,0,0,0,0.011094494537427562,Low
0,1,0,0,2,1,0,70.75,154.85,0,0,1,0,0,0,0,0,0,0,0,0,0,0,0,0,0,0,0,1,0,1,1,0.8339091717239114,High
1,1,1,0,24,0,0,39.1,971.3,1,0,0,0,0,1,0,0,0,0,0,0,0,0,0,1,0,0,0,0,0,1,0,0.4870701721767366,Medium
0,0,1,0,42,1,1,50.25,2203.65,0,1,0,0,0,0,0,0,0,0,0,0,0,0,0,0,0,0,0,1,0,1,0,0.4587907804300242,Medium
0,0,1,0,59,1,1,80.1,4693.2,0,1,0,0,0,0,0,1,0,0,0,1,0,1,0,1,1,0,0,1,0,0,0,0.22738381911277694,Low
1,0,1,1,1,1,0,80.0,80.0,0,0,1,0,0,0,0,0,0,0,0,0,0,0,0,1,0,0,0,1,0,1,1,0.8240679566579864,High
0,0,1,1,46,0,0,35.05,1620.25,1,0,0,0,0,1,0,1,0,0,0,0,0,0,0,0,0,0,0,0,0,0,0,0.14669614346169496,Low
1,0,0,0,4,0,1,29.65,118.5,1,0,0,0,0,0,0,0,0,1,0,0,0,0,0,0,0,0,0,1,0,1,1,0.8060576880553965,High
1,0,1,1,11,1,1,20.45,250.8,0,0,0,1,1,0,1,0,1,0,1,0,1,0,1,0,0,0,0,1,0,0,0,0.40799459237823293,Medium
1,0,1,0,59,1,0,66.4,3958.2,0,0,0,0,0,1,0,1,0,1,0,0,0,1,0,0,1,0,1,0,0,0,0,0.06068793107727665,Low
0,0,1,1,53,1,0,60.6,3297.0,0,0,0,0,0,0,0,0,0,1,0,0,0,0,0,1,1,0,1,0,0,0,0,0.10075006008096188,Low
0,0,0,0,3,1,1,54.2,140.4,0,0,0,0,0,0,0,0,0,0,0,0,0,1,0,0,0,0,0,1,0,0,1,0.7644650464073611,High
0,0,1,0,72,1,1,25.25,1841.2,0,1,0,1,1,0,1,0,1,0,1,0,1,0,1,0,0,1,0,0,0,0,0,0.013117853735508058,Low
1,0,0,0,9,1,1,18.95,185.6,0,0,0,1,1,0,1,0,1,0,1,0,1,0,1,0,0,0,0,0,1,1,0,0.38929534612740324,Medium
1,0,1,1,24,1,1,20.8,469.65,0,0,0,1,1,0,1,0,1,0,1,0,1,0,1,0,1,0,1,0,0,0,0,0.11220271902835566,Low
0,1,1,0,45,1,1,86.1,3861.45,0,0,1,0,0,0,0,0,0,1,0,0,0,0,0,1,0,0,0,1,0,0,1,0.7199717732983515,High
0,0,1,0,49,0,0,40.65,2070.75,1,0,0,0,0,1,0,0,0,0,0,0,0,1,0,0,0,0,0,0,0,0,0,0.23321586699629993,Low
0,0,1,0,61,1,0,24.4,1417.9,0,1,0,1,1,0,1,0,1,0,1,0,1,0,1,0,0,1,0,0,1,0,0,0.015017230360921747,Low
1,0,0,0,2,1,1,70.3,144.0,0,0,1,0,0,0,0,0,0,0,0,0,0,0,0,0,0,0,0,1,0,0,1,0.8607598702553282,High
0,0,0,0,5,1,1,85.4,425.9,0,0,1,0,0,0,0,0,0,0,0,1,0,0,0,1,0,0,1,0,0,1,1,0.7655122381943468,High
0,0,0,0,2,0,1,42.6,72.4,1,0,0,0,0,1,0,1,0,0,0,0,0,0,0,1,0,0,0,1,0,1,1,0.7604128123315491,High
1,0,0,0,25,1,0,81.75,2028.8,0,1,0,0,0,1,0,1,0,1,0,1,0,0,0,1,0,0,0,0,0,0,0,0.292808934202339,Low
0,0,1,0,60,1,1,106.15,6411.25,0,1,1,0,0,0,0,1,0,1,0,0,0,1,0,1,0,0,0,1,0,0,1,0.716598773452775,High
1,0,1,1,51,1,0,110.05,5686.4,0,1,1,0,0,1,0,1,0,0,0,1,0,1,0,1,1,0,1,0,0,0,0,0.22621123383193856,Low
1,0,1,1,2,1,0,56.7,113.55,0,1,0,0,0,1,0,0,0,0,0,0,0,0,0,0,0,0,0,0,1,1,0,0.4946731590231463,Medium
1,1,1,0,62,1,1,103.75,6383.35,0,1,1,0,0,0,0,1,0,1,0,0,0,1,0,1,1,0,0,1,0,1,1,0.5637693099473233,Medium
1,0,1,0,52,1,1,81.4,4354.45,0,1,0,0,0,1,0,1,0,1,0,1,0,0,0,1,1,0,1,0,0,0,0,0.11734624224270275,Low
1,0,0,0,68,1,1,76.9,5023.0,0,1,0,0,0,1,0,1,0,1,0,0,0,0,0,1,1,0,1,0,0,0,0,0.09262491081280566,Low
0,0,0,0,22,1,1,84.15,1821.95,0,1,1,0,0,0,0,0,0,0,0,0,0,1,0,0,0,0,0,0,0,0,1,0.7758252057810872,High
1,1,1,0,1,0,0,25.05,25.05,1,0,0,0,0,0,0,0,0,0,0,0,0,0,0,0,0,0,0,1,0,1,1,0.808204307626428,High
1,1,0,0,3,0,1,41.15,132.2,1,0,0,0,0,0,0,0,0,1,0,0,0,0,0,1,0,0,0,1,0,1,1,0.8686825817726727,High
0,1,0,0,16,1,1,96.4,1581.2,0,1,1,0,0,0,0,0,0,0,0,0,0,1,0,1,0,0,0,1,0,1,1,0.9091396044962451,High
0,1,0,0,32,1,1,74.4,2276.95,0,0,1,0,0,0,0,1,0,0,0,0,0,0,0,0,0,0,0,1,0,1,1,0.693515344502292,High
1,0,0,0,50,1,0,24.9,1195.25,0,1,0,1,1,0,1,0,1,0,1,0,1,0,1,0,0,1,0,0,0,0,0,0.022892413778726913,Low
1,0,1,1,1,1,1,48.75,48.75,0,0,0,0,0,1,0,0,0,0,0,0,0,0,0,0,0,0,0,0,1,0,1,0.5200538234884414,Medium
0,0,0,0,6,1,0,83.9,497.55,0,0,1,0,0,0,0,0,0,1,0,0,0,0,0,1,0,0,0,1,0,1,1,0.8192021556572696,High
1,0,0,0,1,1,1,50.75,50.75,0,0,0,0,0,0,0,1,0,0,0,0,0,0,0,0,0,0,0,1,0,1,1,0.7158962804610395,High
0,0,1,1,29,1,0,20.2,558.8,0,0,0,1,1,0,1,0,1,0,1,0,1,0,1,0,0,1,0,0,1,0,0,0.035375497190934066,Low
1,0,0,0,1,1,1,19.3,19.3,0,0,0,1,1,0,1,0,1,0,1,0,1,0,1,0,0,0,0,0,1,1,0,0.47451026135011004,Medium
0,0,0,0,58,1,1,95.3,5817.7,0,0,1,0,0,0,0,0,0,0,0,1,0,1,0,1,0,0,0,1,0,0,1,0.6160169212364424,High
1,1,1,1,35,1,1,76.05,2747.2,0,0,0,0,0,0,0,1,0,0,0,1,0,1,0,1,0,0,0,1,0,0,0,0.486185405073773,Medium
1,0,0,0,43,1,0,19.55,876.15,0,0,0,1,1,0,1,0,1,0,1,0,1,0,1,0,0,1,0,0,1,0,0,0.024771884992941567,Low
0,0,0,0,41,1,0,50.05,2029.05,0,0,0,0,0,0,0,0,0,0,0,1,0,0,0,0,1,0,0,0,0,0,0,0.09506035248211636,Low
0,0,1,1,47,1,0,19.3,890.5,0,0,0,1,1,0,1,0,1,0,1,0,1,0,1,0,0,1,0,0,0,0,0,0.015384580050079548,Low
0,0,0,0,33,1,1,100.0,3320.6,0,1,1,0,0,0,0,1,0,0,0,0,0,1,0,1,0,0,0,1,0,0,1,0.8239985614683463,High
1,0,0,0,67,1,0,20.5,1430.95,0,0,0,1,1,0,1,0,1,0,1,0,1,0,1,0,0,1,0,0,0,0,0,0.008668013465079968,Low
0,0,1,0,72,1,0,19.4,1496.45,0,0,0,1,1,0,1,0,1,0,1,0,1,0,1,0,0,1,0,0,0,0,0,0.00679618476063786,Low
1,0,1,1,50,1,0,54.9,2614.1,0,1,0,0,0,0,0,0,0,1,0,0,0,0,0,0,1,0,0,0,0,0,0,0.10144794989871433,Low
1,1,1,0,49,1,0,49.8,2398.4,0,0,0,0,0,0,0,1,0,0,0,0,0,0,0,0,0,1,0,0,1,0,0,0.05799387326202145,Low
1,0,0,0,4,1,1,74.35,265.35,0,1,1,0,0,0,0,0,0,0,0,0,0,0,0,0,0,0,0,1,0,1,1,0.8784412457675717,High
1,0,1,0,61,1,0,94.15,5731.85,0,0,1,0,0,0,0,1,0,1,0,1,0,0,0,1,0,0,1,0,0,0,0,0.30433391281796596,Medium
1,0,1,1,7,1,0,20.65,150.0,0,0,0,1,1,0,1,0,1,0,1,0,1,0,1,0,1,0,0,0,1,0,0,0.1659295856260311,Low
1,1,0,0,14,1,0,90.45,1266.1,0,0,1,0,0,0,0,0,0,0,0,0,0,1,0,1,0,0,1,0,0,1,1,0.7964290032280834,High
0,0,1,0,26,1,1,73.05,1959.5,0,0,0,0,0,0,0,1,0,0,0,1,0,1,0,1,0,0,0,1,0,0,1,0.5512073812219844,Medium
0,1,0,0,35,1,0,70.55,2419.0,0,0,1,0,0,0,0,0,0,0,0,0,0,0,0,0,0,0,0,1,0,0,1,0.6322375171660902,High
0,1,1,0,54,1,1,99.1,5437.1,0,0,1,0,0,0,0,0,0,1,0,1,0,1,0,1,1,0,0,1,0,0,0,0.4911318275952738,Medium
0,0,0,0,8,1,0,95.65,778.1,0,1,1,0,0,0,0,0,0,0,0,0,0,1,0,1,0,0,0,0,0,1,1,0.8313189033365951,High
1,0,0,1,1,1,1,71.65,71.65,0,0,1,0,0,0,0,0,0,0,0,0,0,0,0,0,0,0,0,1,0,1,1,0.8376991419457172,High
0,0,1,1,67,1,1,100.25,6689.0,0,1,1,0,0,1,0,0,0,1,0,1,0,0,0,1,1,0,0,0,0,0,0,0.17388668585522832,Low
0,0,0,1,24,1,0,19.75,498.1,0,0,0,1,1,0,1,0,1,0,1,0,1,0,1,0,0,1,0,0,1,0,0,0.04275745707485047,Low
0,0,1,1,64,1,0,24.9,1595.5,0,1,0,1,1,0,1,0,1,0,1,0,1,0,1,0,1,0,0,0,1,0,0,0.02166192773816072,Low
0,1,1,1,34,1,1,79.6,2718.3,0,1,1,0,0,0,0,1,0,0,0,0,0,0,0,0,0,0,0,0,1,1,1,0.6233288380732567,High
1,0,1,1,8,1,0,19.9,153.95,0,0,0,1,1,0,1,0,1,0,1,0,1,0,1,0,1,0,1,0,0,0,0,0.1507146833477834,Low
0,0,0,0,6,1,0,20.2,123.65,0,0,0,1,1,0,1,0,1,0,1,0,1,0,1,0,0,0,0,0,1,0,0,0.33701731591652584,Medium
1,0,0,0,13,1,1,99.0,1301.7,0,1,1,0,0,0,0,0,0,0,0,1,0,1,0,1,0,0,0,0,1,1,1,0.8201631196569926,High
1,0,1,1,62,1,1,24.25,1424.6,0,1,0,1,1,0,1,0,1,0,1,0,1,0,1,0,0,1,0,0,0,0,0,0.015549218731304658,Low
1,0,1,0,34,1,1,100.05,3480.0,0,1,1,0,0,0,0,0,0,1,0,0,0,1,0,1,0,0,0,1,0,1,1,0.8449785777761737,High
1,0,0,0,9,1,1,99.3,918.75,0,1,1,0,0,0,0,1,0,0,0,0,0,1,0,1,0,0,1,0,0,0,1,0.8544552278039337,High
1,0,0,0,22,1,0,20.3,467.15,0,0,0,1,1,0,1,0,1,0,1,0,1,0,1,0,1,0,1,0,0,0,0,0.10773902465515289,Low
1,0,0,1,40,1,1,55.25,2139.2,0,0,0,0,0,1,0,1,0,0,0,0,0,0,0,0,0,0,0,0,1,1,0,0.18549964180905165,Low
0,1,1,0,35,1,1,100.5,3653.35,0,1,1,0,0,1,0,1,0,0,0,1,0,1,0,0,0,0,0,0,0,1,1,0.5659519206940807,Medium
1,0,0,0,7,1,0,23.5,173.0,0,1,0,1,1,0,1,0,1,0,1,0,1,0,1,0,0,0,0,0,1,0,0,0.38503322415216745,Medium
1,1,0,0,32,1,0,19.8,587.7,0,0,0,1,1,0,1,0,1,0,1,0,1,0,1,0,1,0,1,0,0,0,0,0.08206792020966613,Low
1,0,0,1,61,1,0,19.75,1124.2,0,0,0,1,1,0,1,0,1,0,1,0,1,0,1,0,0,1,0,0,1,0,0,0.00900566504510603,Low
1,0,0,0,2,1,0,20.75,44.2,0,0,0,1,1,0,1,0,1,0,1,0,1,0,1,0,0,0,0,0,1,0,0,0.385282357707462,Medium
0,0,1,0,56,1,0,103.2,5744.35,0,1,1,0,0,0,0,0,0,1,0,1,0,1,0,1,0,1,0,0,0,0,0,0.19177686160807755,Low
0,1,1,0,65,1,1,106.25,6979.8,0,1,1,0,0,0,0,1,0,1,0,0,0,1,0,1,1,0,0,1,0,1,1,0.561381159311326,Medium
0,0,1,1,28,1,0,49.9,1410.25,0,1,0,0,0,0,0,0,0,0,0,0,0,0,0,0,0,0,0,0,1,0,0,0.3553249115843503,Medium
1,0,0,0,18,1,0,69.5,1199.4,0,1,0,0,0,1,0,0,0,1,0,0,0,1,0,0,0,0,0,0,1,0,0,0.4502527948133439,Medium
0,0,1,1,71,1,1,90.55,6239.05,0,1,0,0,0,1,0,1,0,1,0,1,0,1,0,1,0,1,1,0,0,0,0,0.037011371222124376,Low
1,0,0,0,72,1,1,88.6,6201.95,0,1,0,0,0,0,0,1,0,1,0,1,0,1,0,1,0,1,0,0,0,0,0,0.06832494708152143,Low
1,1,0,0,1,1,1,76.45,76.45,0,1,1,0,0,0,0,0,0,0,0,0,0,0,0,0,0,0,0,1,0,1,1,0.9054688627819462,High
1,0,0,0,1,1,0,19.75,19.75,0,0,0,1,1,0,1,0,1,0,1,0,1,0,1,0,0,0,0,0,1,1,0,0.39236739470697746,Medium
0,0,0,0,34,1,0,20.35,673.2,0,0,0,1,1,0,1,0,1,0,1,0,1,0,1,0,0,0,0,0,1,0,0,0.1317461678322873,Low
0,0,0,0,8,1,1,87.05,762.1,0,1,1,0,0,0,0,0,0,0,0,0,0,1,0,0,0,0,0,1,0,1,1,0.8923546845258641,High
0,0,0,0,47,1,1,106.4,5127.95,0,1,1,0,0,0,0,1,0,1,0,0,0,1,0,1,0,0,0,1,0,1,1,0.7761930544217703,High
0,0,1,1,72,1,1,24.05,1709.15,0,1,0,1,1,0,1,0,1,0,1,0,1,0,1,0,0,1,0,0,0,0,0,0.010017926771654279,Low
0,0,1,1,52,1,1,25.05,1270.25,0,1,0,1,1,0,1,0,1,0,1,0,1,0,1,0,0,1,0,0,0,0,0,0.023515021427687247,Low
1,0,0,0,3,1,0,19.85,64.55,0,0,0,1,1,0,1,0,1,0,1,0,1,0,1,0,0,0,0,0,1,1,0,0.37252562228773684,Medium
0,0,1,0,60,0,0,37.7,2288.7,1,0,0,0,0,1,0,1,0,0,0,1,0,0,0,0,0,1,0,0,0,0,0,0.02046872410954867,Low
0,0,0,0,3,1,1,96.6,291.9,0,1,1,0,0,0,0,0,0,0,0,0,0,1,0,1,0,0,0,1,0,1,1,0.9230179307841806,High
1,0,0,0,19,1,1,86.0,1532.45,0,1,1,0,0,0,0,0,0,0,0,0,0,0,0,1,0,0,0,0,0,1,1,0.8021056672919608,High
1,0,0,0,1,1,1,69.9,69.9,0,0,1,0,0,0,0,0,0,0,0,0,0,0,0,0,0,0,0,1,0,0,1,0.8638754597181569,High
0,0,1,0,6,1,1,105.3,545.2,0,1,1,0,0,0,0,1,0,1,0,0,0,1,0,1,0,0,0,1,0,1,1,0.8992183450385064,High
1,0,1,1,49,1,0,59.6,2970.3,0,0,0,0,0,1,0,1,0,0,0,1,0,0,0,0,0,0,1,0,0,0,0,0.07768484959468476,Low
1,1,0,0,22,1,1,90.5,1910.6,0,1,1,0,0,0,0,0,0,0,0,1,0,1,0,0,0,0,0,0,0,1,1,0.7498323274695278,High
0,0,1,1,42,1,1,19.05,761.85,0,0,0,1,1,0,1,0,1,0,1,0,1,0,1,0,1,0,0,1,0,0,0,0.07540833793274274,Low
1,1,1,0,46,1,1,98.85,4564.9,0,1,1,0,0,0,0,0,0,1,0,0,0,1,0,1,0,0,0,1,0,0,1,0.8182940288643932,High
1,0,0,0,68,0,1,39.9,2796.35,1,0,0,0,0,0,0,0,0,1,0,0,0,0,0,1,0,0,0,0,0,0,0,0.23316040939525523,Low
0,0,0,1,2,1,0,20.5,38.25,0,0,0,1,1,0,1,0,1,0,1,0,1,0,1,0,1,0,0,0,0,0,0,0.18036753699899546,Low
1,0,0,1,0,1,0,20.25,0.0,0,0,0,1,1,0,1,0,1,0,1,0,1,0,1,0,0,1,0,0,1,0,0,0.1150063871246311,Low
0,0,1,1,35,1,0,72.25,2568.55,0,1,0,0,0,1,0,0,0,1,0,1,0,1,0,0,0,0,0,1,0,1,0,0.2713306150616658,Low
0,0,0,0,2,1,0,19.5,27.55,0,0,0,1,1,0,1,0,1,0,1,0,1,0,1,0,0,0,0,0,1,0,0,0.3737449976212389,Medium
1,0,1,1,68,1,0,62.65,4375.8,0,0,0,0,0,1,0,1,0,1,0,1,0,0,0,0,0,1,1,0,0,0,0,0.010287013968682139,Low
1,0,1,0,16,1,1,75.4,1189.4,0,1,1,0,0,0,0,0,0,0,0,0,0,0,0,0,0,0,0,1,0,0,1,0.838340394948942,High
1,0,1,0,72,1,1,110.9,8240.85,0,1,1,0,0,1,0,0,0,1,0,1,0,1,0,1,0,1,1,0,0,0,0,0.15835126309774514,Low
1,0,1,0,37,1,0,94.3,3460.95,0,1,1,0,0,0,0,0,0,1,0,1,0,1,0,0,0,1,0,0,1,0,0,0.2353860966884264,Low
1,0,1,1,53,1,0,25.55,1336.1,0,1,0,1,1,0,1,0,1,0,1,0,1,0,1,0,0,1,1,0,0,0,0,0.01689521974764934,Low
0,0,0,0,40,1,0,83.85,3532.25,0,1,1,0,0,0,0,0,0,0,0,0,0,0,0,1,0,0,0,0,0,0,1,0.6095321948127103,High
0,0,0,0,46,1,1,94.15,4408.45,0,1,1,0,0,0,0,1,0,1,0,0,0,0,0,1,1,0,0,1,0,0,1,0.5411840333727657,Medium
1,0,0,0,3,1,1,100.95,329.95,0,1,1,0,0,0,0,0,0,1,0,0,0,1,0,1,0,0,0,1,0,1,1,0.9215190094014128,High
0,0,0,0,1,1,0,75.3,75.3,0,0,1,0,0,0,0,0,0,1,0,0,0,0,0,0,0,0,0,1,0,1,1,0.8072123303457288,High
1,0,0,0,7,1,0,19.25,112.3,0,0,0,1,1,0,1,0,1,0,1,0,1,0,1,0,0,0,0,1,0,1,0,0.4106085420598337,Medium
1,0,0,0,6,0,1,30.5,208.7,1,0,0,0,0,0,0,1,0,0,0,0,0,0,0,0,0,0,1,0,0,1,1,0.6989515978890867,High
1,0,0,0,46,1,1,89.15,4245.55,0,1,1,0,0,1,0,0,0,0,0,0,0,1,0,0,0,0,1,0,0,0,1,0.5592825149365028,Medium
0,0,1,0,54,1,1,70.15,3715.65,0,1,0,0,0,0,0,0,0,0,0,0,0,1,0,1,1,0,1,0,0,1,0,0.2538397438562517,Low
1,1,0,0,15,1,1,79.4,1156.1,0,0,1,0,0,0,0,0,0,0,0,0,0,0,0,1,0,0,0,1,0,1,1,0.8595372714545091,High
1,0,0,0,3,1,1,85.3,264.8,0,1,1,0,0,0,0,0,0,0,0,0,0,0,0,1,0,0,0,1,0,1,1,0.9070139132243551,High
1,0,1,1,70,1,0,20.05,1360.25,0,0,0,1,1,0,1,0,1,0,1,0,1,0,1,0,0,1,1,0,0,0,0,0.006001505072440044,Low
1,0,0,1,39,1,0,100.55,3895.35,0,1,1,0,0,0,0,0,0,0,0,1,0,1,0,1,0,1,0,0,1,0,0,0.24596840547843302,Low
1,0,1,0,2,1,0,20.0,38.0,0,0,0,1,1,0,1,0,1,0,1,0,1,0,1,0,0,0,0,0,1,0,0,0.38791337888441746,Medium
1,0,0,0,18,1,1,75.6,1395.05,0,1,1,0,0,0,0,0,0,0,0,0,0,0,0,0,0,0,0,0,0,0,1,0.7633246127167731,High
1,1,0,0,72,1,1,25.1,1789.9,0,1,0,1,1,0,1,0,1,0,1,0,1,0,1,0,0,1,1,0,0,0,0,0.01521392236213782,Low
1,0,0,1,47,1,1,55.3,2654.05,0,0,0,0,0,1,0,1,0,0,0,0,0,0,0,0,0,0,0,1,0,0,0,0.2057199780800657,Low
0,0,1,1,22,1,0,19.9,400.3,0,0,0,1,1,0,1,0,1,0,1,0,1,0,1,0,0,0,0,0,1,0,0,0.16974403520641243,Low
1,0,1,1,71,1,0,89.9,6457.15,0,1,0,0,0,1,0,1,0,1,0,1,0,1,0,1,0,1,1,0,0,0,0,0.028478710617543587,Low
1,0,0,0,8,1,1,74.85,572.45,0,1,1,0,0,0,0,0,0,0,0,0,0,0,0,0,0,0,0,1,0,0,1,0.8654774901332499,High
0,0,1,1,71,1,0,19.9,1389.35,0,0,0,1,1,0,1,0,1,0,1,0,1,0,1,0,0,1,0,0,0,0,0,0.0055788282129833,Low
0,0,0,0,53,1,1,94.45,5042.75,0,0,1,0,0,0,0,1,0,1,0,1,0,0,0,1,1,0,1,0,0,0,0,0.26301981679101044,Low
1,1,1,0,37,1,1,72.25,2575.45,0,0,1,0,0,0,0,0,0,0,0,0,0,0,0,0,0,0,0,0,0,0,1,0.6198396954482772,High
1,0,1,0,64,1,1,70.15,4480.7,0,1,0,0,0,0,0,1,0,0,0,1,0,0,0,1,1,0,0,0,1,0,0,0.11517363668127367,Low
1,0,0,1,5,1,1,48.65,235.2,0,0,0,0,0,0,0,0,0,0,0,1,0,0,0,0,0,0,0,0,0,0,0,0.47814684082051007,Medium
0,0,0,0,60,1,0,104.7,6333.8,0,1,1,0,0,0,0,1,0,1,0,0,0,1,0,1,0,1,0,1,0,0,0,0.29026696337284763,Low
1,0,0,0,2,1,1,50.3,92.75,0,0,0,0,0,0,0,1,0,0,0,0,0,0,0,0,0,0,0,0,1,0,1,0.6302269524785453,High
0,0,0,0,25,0,0,54.2,1423.15,1,0,0,0,0,0,0,0,0,1,0,1,0,1,0,1,1,0,0,1,0,0,0,0.4262450899768572,Medium
0,0,1,1,6,1,0,19.7,113.5,0,0,0,1,1,0,1,0,1,0,1,0,1,0,1,0,0,0,0,0,1,0,0,0.29070226249738984,Low
1,0,1,1,60,1,1,110.6,6586.85,0,1,1,0,0,1,0,0,0,1,0,1,0,1,0,1,0,1,0,1,0,0,0,0.2154238726601344,Low
0,0,0,0,30,1,1,100.2,2983.8,0,1,1,0,0,0,0,1,0,0,0,0,0,1,0,1,0,0,0,1,0,1,1,0.834017134468189,High
1,0,0,0,67,0,1,49.35,3321.35,1,0,0,0,0,1,0,0,0,1,0,1,0,1,0,0,1,0,0,0,0,0,0,0.07057871393088362,Low
1,0,0,0,53,1,0,24.05,1301.9,0,1,0,1,1,0,1,0,1,0,1,0,1,0,1,0,1,0,0,0,0,0,0,0.03975760345992336,Low
0,0,1,1,10,1,0,55.2,528.35,0,0,0,0,0,0,0,0,0,1,0,1,0,0,0,0,0,0,1,0,0,1,0,0.34501307175625906,Medium
0,0,0,0,1,1,1,52.2,52.2,0,0,0,0,0,0,0,0,0,0,0,1,0,0,0,0,0,0,0,1,0,1,1,0.6706424136038167,High
1,0,1,0,55,0,1,54.55,2978.3,1,0,0,0,0,0,0,0,0,1,0,1,0,1,0,1,0,0,0,0,0,1,0,0.33964757816392915,Medium
0,0,0,0,70,1,0,84.7,5991.05,0,1,0,0,0,1,0,1,0,1,0,0,0,1,0,1,0,1,0,0,1,0,0,0.04798898148872615,Low
0,0,1,0,34,1,0,50.2,1815.3,0,0,0,0,0,0,0,0,0,0,0,1,0,0,0,0,0,0,0,0,0,0,0,0.22809820059728608,Low
0,0,0,0,68,1,0,110.25,7279.35,0,1,1,0,0,1,0,1,0,0,0,1,0,1,0,1,0,1,1,0,0,0,0,0.0992318083620306,Low
0,0,1,0,59,1,1,109.15,6557.75,0,1,1,0,0,1,0,1,0,1,0,0,0,1,0,1,1,0,1,0,0,0,0,0.3600030276164891,Medium
0,0,0,0,9,1,1,74.85,708.2,0,0,1,0,0,1,0,0,0,0,0,0,0,0,0,0,0,0,0,1,0,0,1,0.7595008666431102,High
1,0,0,0,6,1,1,80.5,463.05,0,0,1,0,0,0,0,0,0,0,0,0,0,1,0,0,0,0,1,0,0,1,1,0.8195191021724365,High
1,0,1,0,50,1,1,103.95,5231.3,0,1,1,0,0,1,0,0,0,1,0,0,0,1,0,1,1,0,0,1,0,0,1,0.5387914056997675,Medium
0,1,1,1,72,1,0,92.45,6440.25,0,1,0,0,0,1,0,1,0,1,0,1,0,1,0,1,0,1,1,0,0,1,0,0.0315380233414565,Low
1,1,1,0,41,0,1,53.95,2215.4,1,0,0,0,0,0,0,1,0,1,0,0,0,1,0,1,0,0,0,1,0,0,1,0.6427821282570101,High
1,0,0,0,4,1,1,50.8,202.3,0,0,0,0,0,0,0,0,0,0,0,1,0,0,0,0,0,0,0,0,1,0,1,0.5663442223676086,Medium
1,0,1,1,47,0,0,40.3,1794.8,1,0,0,0,0,1,0,0,0,1,0,1,0,0,0,0,1,0,0,1,0,0,0,0.09044090732717826,Low
1,0,1,1,62,1,1,94.95,5791.85,0,1,1,0,0,1,0,1,0,0,0,0,0,1,0,0,1,0,1,0,0,0,0,0.21991683400755643,Low
0,0,1,1,18,1,0,20.45,357.0,0,0,0,1,1,0,1,0,1,0,1,0,1,0,1,0,0,0,0,0,1,0,0,0.1978363390078019,Low
0,0,1,0,3,1,1,75.85,256.6,0,1,1,0,0,0,0,0,0,0,0,0,0,0,0,0,0,0,0,1,0,1,1,0.8843030921845421,High
1,0,0,0,65,1,1,25.1,1725.0,0,1,0,1,1,0,1,0,1,0,1,0,1,0,1,0,0,1,0,0,0,0,0,0.017864584411680925,Low
1,0,1,0,59,1,0,85.55,5084.65,0,1,1,0,0,0,0,0,0,0,0,0,0,0,0,1,1,0,0,1,0,1,0,0.410600294715008,Medium
0,0,0,0,60,1,1,70.15,4224.7,0,0,0,0,0,0,0,1,0,1,0,1,0,1,0,0,1,0,1,0,0,0,0,0.08874446675263065,Low
0,0,0,0,10,1,1,20.55,187.35,0,0,0,1,1,0,1,0,1,0,1,0,1,0,1,0,0,0,0,0,1,0,0,0.3757665685533699,Medium
1,0,1,1,7,0,0,38.55,280.0,1,0,0,0,0,1,0,1,0,1,0,0,0,0,0,0,0,1,0,0,1,0,0,0.1670939914651383,Low
1,0,0,0,28,1,0,91.0,2626.15,0,0,1,0,0,0,0,0,0,1,0,1,0,0,0,1,0,0,0,1,0,0,1,0.6516151223863805,High
1,1,1,0,29,1,1,79.3,2414.55,0,1,1,0,0,0,0,0,0,0,0,1,0,0,0,0,0,0,0,1,0,0,1,0.7455269760257435,High
1,0,1,1,0,1,1,19.7,0.0,0,0,0,1,1,0,1,0,1,0,1,0,1,0,1,0,1,0,0,0,1,0,0,0.2717837528159603,Low
0,0,0,0,37,1,0,64.65,2347.85,0,1,0,0,0,1,0,0,0,0,0,0,0,1,0,0,1,0,0,0,0,0,0,0.16655737503374524,Low
0,0,1,1,45,1,1,24.65,1138.8,0,1,0,1,1,0,1,0,1,0,1,0,1,0,1,0,0,1,0,0,0,0,0,0.03145494027949336,Low
1,0,1,0,61,1,1,79.8,4914.8,0,1,0,0,0,0,0,1,0,1,0,0,0,1,0,1,1,0,0,1,0,0,0,0.28303263994267497,Low
0,0,1,0,64,1,0,19.45,1208.6,0,0,0,1,1,0,1,0,1,0,1,0,1,0,1,0,0,1,1,0,0,0,0,0.00931875828185468,Low
1,0,1,1,63,1,1,91.35,5764.7,0,1,1,0,0,0,0,1,0,0,0,0,0,0,0,1,1,0,0,1,0,0,0,0.39116123587606244,Medium
0,1,1,0,37,1,1,76.5,2868.15,0,1,1,0,0,0,0,0,0,0,0,0,0,0,0,0,0,0,0,1,0,1,1,0.760738211472459,High
0,1,1,0,72,1,0,24.3,1778.7,0,1,0,1,1,0,1,0,1,0,1,0,1,0,1,0,0,1,0,0,0,0,0,0.010641608884689261,Low
0,0,1,1,66,1,0,89.9,5958.85,0,1,0,0,0,1,0,1,0,1,0,1,0,1,0,1,0,1,1,0,0,0,0,0.031312832980851316,Low
0,0,0,0,1,1,0,95.65,95.65,0,1,1,0,0,0,0,0,0,0,0,0,0,1,0,1,0,0,0,0,1,1,1,0.8624673052089141,High
0,0,1,0,9,1,1,79.75,769.1,0,0,1,0,0,0,0,0,0,0,0,0,0,0,0,1,0,0,0,1,0,0,1,0.8644411554216584,High
1,0,0,0,1,0,0,25.35,25.35,1,0,0,0,0,0,0,0,0,0,0,0,0,0,0,0,0,0,0,0,1,0,1,0.7147189827854656,High
0,1,0,0,4,1,1,99.8,442.85,0,0,1,0,0,0,0,1,0,1,0,0,0,1,0,1,0,0,1,0,0,1,1,0.8515000607616178,High
0,1,1,0,38,1,1,74.95,2869.85,0,1,1,0,0,0,0,0,0,0,0,0,0,0,0,0,0,0,0,0,0,1,1,0.6647079590254891,High
1,0,1,1,44,1,1,61.9,2924.05,0,0,0,0,0,0,0,1,0,1,0,1,0,0,0,0,0,0,0,0,1,0,0,0.19123832126117923,Low
0,0,1,0,22,1,1,54.7,1178.75,0,0,0,0,0,0,0,1,0,1,0,0,0,0,0,0,0,0,0,0,1,0,0,0.4390779317446186,Medium
0,0,0,0,53,1,1,106.95,5785.5,0,1,1,0,0,1,0,0,0,1,0,0,0,1,0,1,1,0,1,0,0,1,0,0.4293382080033301,Medium
1,1,1,0,23,1,1,90.45,2117.25,0,0,1,0,0,0,0,0,0,0,0,0,0,1,0,1,0,0,0,1,0,0,1,0.8690239858554724,High
0,0,0,0,20,1,1,18.9,347.65,0,0,0,1,1,0,1,0,1,0,1,0,1,0,1,0,0,0,1,0,0,0,0,0.2637386586301673,Low
1,0,0,0,51,1,0,24.75,1234.6,0,1,0,1,1,0,1,0,1,0,1,0,1,0,1,0,0,1,0,0,1,0,0,0.02330143676063345,Low
1,0,1,1,62,1,0,20.65,1218.45,0,0,0,1,1,0,1,0,1,0,1,0,1,0,1,0,0,1,1,0,0,0,0,0.008552143364470884,Low
1,0,0,0,7,1,1,18.95,130.55,0,0,0,1,1,0,1,0,1,0,1,0,1,0,1,0,0,0,0,0,1,0,0,0.40919785170642337,Medium
0,0,0,0,17,1,1,83.55,1329.15,0,0,1,0,0,0,0,1,0,0,0,0,0,1,0,0,0,0,0,1,0,0,1,0.7972910534625146,High
1,0,0,1,41,1,0,70.2,2894.55,0,0,0,0,0,1,0,1,0,1,0,0,0,1,0,0,1,0,0,0,1,0,0,0.09419995709022899,Low
0,0,0,0,7,1,1,94.05,633.45,0,0,1,0,0,0,0,1,0,0,0,0,0,1,0,1,1,0,0,0,1,0,1,0.703966283105814,High
1,0,0,1,1,1,1,50.05,50.05,0,1,0,0,0,0,0,0,0,0,0,0,0,0,0,0,0,0,0,1,0,0,1,0.7476713395862156,High
0,0,1,0,64,1,0,58.35,3756.45,0,1,0,0,0,0,0,0,0,1,0,1,0,0,0,0,1,0,0,0,0,0,0,0.05842585014344572,Low
0,0,0,0,3,1,1,75.5,220.6,0,1,1,0,0,0,0,0,0,0,0,0,0,0,0,0,0,0,0,1,0,1,1,0.8807752775086707,High
0,1,1,0,50,1,1,71.05,3444.85,0,0,1,0,0,0,0,0,0,0,0,0,0,0,0,0,0,0,0,1,0,1,1,0.60443083918291,High
1,0,1,0,18,1,0,56.8,1074.65,0,1,0,0,0,0,0,1,0,0,0,0,0,0,0,0,0,0,1,0,0,0,0,0.466631686831212,Medium
0,0,1,1,13,1,0,55.95,734.35,0,0,0,0,0,0,0,0,0,0,0,0,0,0,0,1,0,0,0,1,0,1,1,0.5825360675158434,Medium
1,0,1,1,69,1,0,80.65,5542.55,0,0,0,0,0,1,0,1,0,0,0,1,0,1,0,1,0,1,0,0,0,0,0,0.021597815868293242,Low
0,0,0,0,1,1,1,79.15,79.15,0,1,1,0,0,0,0,1,0,0,0,0,0,0,0,0,0,0,0,0,1,0,1,0.8229561080725472,High
1,0,0,0,4,1,0,90.65,367.95,0,1,1,0,0,1,0,0,0,0,0,0,0,1,0,0,0,0,0,1,0,0,1,0.811792195141173,High
1,0,0,0,1,1,1,53.5,53.5,0,0,0,0,0,0,0,0,0,0,0,0,0,1,0,0,0,0,0,0,1,1,1,0.7165304895085189,High
1,0,1,1,25,1,0,53.65,1355.45,0,0,0,0,0,0,0,1,0,1,0,0,0,0,0,0,1,0,0,0,1,0,0,0.16434974665182417,Low
0,0,1,1,18,1,0,55.95,1082.8,0,0,0,0,0,0,0,0,0,0,0,0,0,1,0,0,0,0,0,0,1,0,0,0.4498286701688401,Medium
1,0,1,1,48,1,0,23.55,1173.35,0,1,0,1,1,0,1,0,1,0,1,0,1,0,1,0,0,1,0,0,1,0,0,0.021285327408287105,Low
1,0,0,0,26,1,1,20.65,595.5,0,0,0,1,1,0,1,0,1,0,1,0,1,0,1,0,1,0,1,0,0,0,0,0.1266754202621834,Low
1,0,0,0,1,1,1,69.1,69.1,0,0,1,0,0,0,0,0,0,0,0,0,0,0,0,0,0,0,0,1,0,1,1,0.8626873123537141,High
0,0,0,1,4,0,1,57.2,223.75,1,0,0,0,0,1,0,1,0,1,0,0,0,1,0,1,0,0,0,0,1,0,1,0.6627341613190764,High
1,0,0,0,1,1,0,20.3,20.3,0,0,0,1,1,0,1,0,1,0,1,0,1,0,1,0,0,0,0,0,1,0,0,0.39401867667151175,Medium
1,0,1,1,11,1,1,74.35,834.2,0,1,1,0,0,0,0,0,0,0,0,0,0,0,0,0,0,0,0,1,0,1,1,0.826869844705216,High
1,0,1,1,4,1,0,61.45,229.55,0,0,0,0,0,0,0,0,0,0,0,1,0,0,0,1,0,0,1,0,0,1,0,0.4789066555564272,Medium
0,1,0,0,8,1,0,19.65,164.3,0,0,0,1,1,0,1,0,1,0,1,0,1,0,1,0,0,0,0,1,0,1,0,0.4334993368656429,Medium
0,0,1,0,6,1,1,90.75,512.25,0,1,1,0,0,0,0,1,0,0,0,0,0,0,0,1,0,0,0,1,0,0,1,0.883277064847604,High
1,0,0,0,72,1,0,92.0,6632.75,0,1,0,0,0,1,0,1,0,1,0,1,0,1,0,1,0,1,0,0,0,0,0,0.0353615045445337,Low
0,0,0,0,27,1,0,52.85,1498.65,0,0,0,0,0,1,0,1,0,0,0,0,0,0,0,0,0,1,0,0,0,0,0,0.06554064599235403,Low
0,1,0,1,1,1,1,71.0,71.0,0,0,1,0,0,0,0,0,0,0,0,0,0,0,0,0,0,0,0,1,0,1,1,0.8529620794730615,High
0,0,0,0,17,1,0,20.15,353.65,0,0,0,1,1,0,1,0,1,0,1,0,1,0,1,0,1,0,0,0,1,0,0,0.13300199697617687,Low
1,0,0,0,66,1,0,68.75,4447.55,0,1,0,0,0,1,0,1,0,1,0,1,0,0,0,0,0,1,0,0,0,0,0,0.017997874671762115,Low
1,0,0,0,53,1,0,19.5,1050.5,0,0,0,1,1,0,1,0,1,0,1,0,1,0,1,0,0,1,1,0,0,0,0,0.015229969396606553,Low
1,0,1,0,44,1,1,84.8,3626.35,0,1,1,0,0,1,0,0,0,1,0,0,0,0,0,0,0,0,1,0,0,0,0,0.4902108217638176,Medium
1,0,1,1,52,1,1,20.85,1071.6,0,0,0,1,1,0,1,0,1,0,1,0,1,0,1,0,1,0,1,0,0,0,0,0.03671843064883071,Low
1,1,1,0,70,1,0,90.05,6333.4,0,1,0,0,0,1,0,1,0,1,0,1,0,1,0,1,0,1,1,0,0,0,0,0.042123007268635014,Low
0,0,0,0,1,1,1,25.75,25.75,0,1,0,1,1,0,1,0,1,0,1,0,1,0,1,0,0,0,0,0,1,0,1,0.5308717109792853,Medium
1,0,1,0,61,1,1,94.1,5638.3,0,1,1,0,0,0,0,1,0,0,0,1,0,1,0,0,0,1,0,1,0,1,0,0.22014076409039285,Low
1,0,1,1,19,1,1,100.95,1875.55,0,1,1,0,0,0,0,0,0,0,0,1,0,1,0,1,1,0,0,1,0,1,1,0.6896288445527136,High
0,0,1,1,11,1,0,20.6,233.9,0,0,0,1,1,0,1,0,1,0,1,0,1,0,1,0,1,0,0,0,1,0,0,0.13979228434993468,Low
1,0,0,0,26,1,1,85.75,2146.5,0,0,1,0,0,0,0,1,0,0,0,0,0,1,0,0,0,0,0,1,0,0,1,0.7647886682967745,High
0,0,0,0,60,1,0,19.85,1128.1,0,0,0,1,1,0,1,0,1,0,1,0,1,0,1,0,0,1,0,0,0,0,0,0.010865738303025542,Low
1,0,0,0,1,1,1,84.85,84.85,0,0,1,0,0,0,0,0,0,1,0,0,0,1,0,0,0,0,0,1,0,1,1,0.8822127204889163,High
1,0,0,0,26,1,1,92.4,2349.8,0,1,1,0,0,1,0,1,0,0,0,0,0,1,0,0,0,0,1,0,0,0,1,0.6423264770390332,High
1,1,0,0,24,1,1,80.5,2088.45,0,1,1,0,0,0,0,1,0,0,0,0,0,0,0,0,0,0,0,1,0,0,1,0.8077178335270271,High
1,0,1,1,22,1,1,100.05,2090.25,0,0,1,0,0,0,0,1,0,1,0,0,0,1,0,1,1,0,0,0,1,0,1,0.5643907800989958,Medium
0,0,1,0,51,1,1,98.85,4947.55,0,1,1,0,0,0,0,0,0,1,0,0,0,1,0,1,1,0,0,1,0,0,1,0.6087343325111568,High
1,1,1,0,61,1,1,85.55,5251.75,0,1,1,0,0,0,0,1,0,0,0,1,0,0,0,0,1,0,0,0,0,0,0,0.24998036534973606,Low
1,0,1,0,44,0,0,54.3,2390.45,1,0,0,0,0,0,0,1,0,1,0,0,0,1,0,1,0,1,0,0,0,0,0,0.13728376483231022,Low
0,0,1,1,0,1,0,80.85,0.0,0,0,0,0,0,1,0,1,0,1,0,0,0,1,0,1,0,1,0,0,1,0,0,0.19602210725831362,Low
0,0,0,0,5,1,1,75.65,399.45,0,0,1,0,0,0,0,0,0,0,0,1,0,0,0,0,0,0,0,0,1,0,1,0.7306452505301324,High
0,0,1,0,1,1,0,78.8,78.8,0,0,1,0,0,0,0,0,0,0,0,0,0,1,0,0,0,0,0,1,0,1,1,0.8457019473131981,High
1,0,0,0,26,1,0,61.55,1581.95,0,1,0,0,0,1,0,1,0,0,0,0,0,0,0,0,1,0,0,1,0,0,0,0.23606275236043964,Low
0,0,0,0,15,1,1,84.35,1302.65,0,1,1,0,0,1,0,0,0,1,0,0,0,0,0,0,0,0,1,0,0,0,1,0.6833979366073758,High
1,0,1,0,4,1,1,80.35,307.4,0,0,1,0,0,0,0,0,0,0,0,0,0,1,0,0,0,0,0,1,0,1,1,0.8807046354396987,High
1,0,1,0,12,1,1,84.6,959.9,0,0,1,0,0,1,0,1,0,1,0,0,0,0,0,0,0,0,0,1,0,0,1,0.7103169529975359,High
1,0,0,1,1,1,1,49.9,49.9,0,0,0,0,0,0,0,0,0,0,0,1,0,0,0,0,0,0,0,0,1,1,1,0.5339942506484059,Medium
1,0,1,1,22,1,1,57.95,1271.8,0,0,0,0,0,1,0,1,0,0,0,1,0,0,0,0,0,0,0,0,1,0,0,0.2339006592640684,Low
1,0,1,0,49,0,0,49.65,2409.9,1,0,0,0,0,0,0,1,0,0,0,0,0,1,0,1,0,1,1,0,0,0,0,0.11757503465091382,Low
1,0,0,0,13,1,0,19.75,265.75,0,0,0,1,1,0,1,0,1,0,1,0,1,0,1,0,0,1,0,0,1,0,0,0.08487090261167428,Low
0,0,1,0,66,1,1,90.55,6130.95,0,1,1,0,0,0,0,1,0,1,0,1,0,0,0,0,1,0,0,0,0,0,0,0.20134120461870136,Low
1,0,1,0,62,0,1,39.0,2337.45,1,0,0,0,0,0,0,0,0,0,0,1,0,1,0,0,0,1,0,0,0,0,0,0.05951514556837965,Low
1,0,1,1,66,1,1,63.3,4189.7,0,1,0,0,0,0,0,0,0,1,0,0,0,1,0,0,0,1,0,0,0,0,0,0.059657144003396397,Low
0,0,0,0,3,0,0,35.2,108.95,1,0,0,0,0,0,0,0,0,0,0,0,0,1,0,0,0,0,1,0,0,1,1,0.7243054355188012,High
1,0,0,0,63,1,0,68.8,4111.35,0,1,0,0,0,1,0,1,0,1,0,1,0,0,0,0,1,0,0,0,0,0,0,0.03800492257896738,Low
1,0,1,1,15,1,0,19.35,278.85,0,0,0,1,1,0,1,0,1,0,1,0,1,0,1,0,0,1,0,0,1,0,0,0.06403849005724052,Low
0,0,1,0,43,1,1,94.1,4107.3,0,1,1,0,0,1,0,1,0,0,0,0,0,0,0,1,0,0,0,1,0,0,1,0.6480237664028126,High
1,1,0,0,65,1,1,109.05,7108.2,0,1,1,0,0,1,0,0,0,1,0,1,0,1,0,1,0,1,0,1,0,0,0,0.25493589646737014,Low
0,0,0,0,2,1,1,85.7,169.8,0,1,1,0,0,0,0,0,0,0,0,0,0,0,0,1,0,0,0,1,0,1,1,0.9071527576369858,High
0,0,0,0,14,1,0,50.1,709.5,0,0,0,0,0,1,0,0,0,0,0,0,0,0,0,0,0,0,0,0,0,0,0,0.3547482659812883,Medium
0,0,1,1,68,1,1,109.05,7508.55,0,1,1,0,0,1,0,0,0,1,0,1,0,1,0,1,0,1,0,0,0,0,0,0.1273858404716745,Low
1,0,0,0,20,1,1,19.6,356.15,0,0,0,1,1,0,1,0,1,0,1,0,1,0,1,0,0,0,1,0,0,0,0,0.27165692565097727,Low
0,0,1,1,57,1,0,65.2,3687.85,0,1,0,0,0,1,0,1,0,0,0,1,0,0,0,0,0,0,0,0,0,0,0,0.07706169177524505,Low
1,0,0,0,72,1,1,19.8,1468.75,0,0,0,1,1,0,1,0,1,0,1,0,1,0,1,0,0,1,1,0,0,0,0,0.009602738408387556,Low
1,0,0,0,6,1,1,84.4,556.35,0,0,1,0,0,0,0,1,0,0,0,0,0,0,0,1,0,0,0,1,0,1,1,0.8567838029946446,High
1,0,0,0,53,1,1,73.9,3958.25,0,1,0,0,0,0,0,1,0,1,0,1,0,0,0,1,0,1,0,0,0,0,0,0.0774581511072164,Low
0,0,1,1,57,1,1,70.1,3913.3,0,0,0,0,0,1,0,0,0,0,0,0,0,1,0,1,1,0,0,0,0,1,0,0.111913287031805,Low
1,0,0,0,1,1,1,20.1,20.1,0,0,0,1,1,0,1,0,1,0,1,0,1,0,1,0,0,0,0,0,1,1,0,0.47702105076319623,Medium
1,0,0,0,15,1,1,49.0,749.25,0,1,0,0,0,0,0,0,0,0,0,0,0,0,0,0,0,0,0,1,0,0,1,0.6879257274132042,High
0,1,0,0,40,1,1,79.2,3233.85,0,0,1,0,0,1,0,1,0,0,0,0,0,0,0,0,0,0,1,0,0,1,0,0.45308797004323376,Medium
1,0,0,0,71,0,0,53.95,3888.65,1,0,0,0,0,1,0,1,0,1,0,1,0,1,0,0,0,1,0,0,0,0,0,0.02081698246243021,Low
0,1,1,0,13,0,0,45.3,528.45,1,0,0,0,0,0,0,0,0,0,0,0,0,1,0,1,0,0,0,1,0,0,1,0.8032727456013988,High
0,0,1,0,72,1,1,91.15,6637.9,0,1,0,0,0,1,0,1,0,1,0,1,0,1,0,1,0,1,0,0,0,0,0,0.04821673259310975,Low
0,0,1,1,52,1,1,95.7,4976.15,0,1,1,0,0,0,0,1,0,1,0,0,0,1,0,0,1,0,1,0,0,0,0,0.3510230726054068,Medium
0,0,1,0,63,1,1,81.15,5224.5,0,0,1,0,0,1,0,0,0,1,0,0,0,0,0,0,1,0,1,0,0,0,0,0.17309347005237652,Low
1,0,0,0,29,1,0,19.1,529.5,0,0,0,1,1,0,1,0,1,0,1,0,1,0,1,0,1,0,0,0,1,0,0,0.0839434158747403,Low
0,0,0,0,29,1,0,100.55,2878.75,0,1,1,0,0,0,0,0,0,1,0,0,0,1,0,1,0,0,0,0,0,0,1,0.7326673906152825,High
1,0,0,0,3,1,1,20.75,67.1,0,0,0,1,1,0,1,0,1,0,1,0,1,0,1,0,0,0,1,0,0,0,0,0.4434958922092015,Medium
1,0,1,1,19,1,0,20.6,414.95,0,0,0,1,1,0,1,0,1,0,1,0,1,0,1,0,0,0,0,0,1,0,0,0.19735298116134875,Low
1,0,1,1,61,1,1,99.9,6241.35,0,1,1,0,0,0,0,0,0,1,0,0,0,1,0,1,1,0,0,1,0,0,1,0.5166536158126526,Medium
0,0,0,0,10,1,0,54.25,583.0,0,0,0,0,0,0,0,0,0,1,0,1,0,0,0,0,0,0,0,1,0,0,0,0.4929176256423463,Medium
0,0,1,0,67,1,1,109.7,7344.45,0,1,1,0,0,0,0,1,0,1,0,1,0,1,0,1,1,0,1,0,0,0,0,0.3291702509512449,Medium
1,0,0,0,42,1,1,19.55,839.4,0,0,0,1,1,0,1,0,1,0,1,0,1,0,1,0,1,0,0,0,1,0,0,0.06956144256426523,Low
0,0,0,0,1,1,1,75.7,75.7,0,0,1,0,0,0,0,1,0,0,0,0,0,0,0,0,0,0,0,1,0,1,1,0.8410223630826902,High
0,0,0,0,5,1,1,84.0,424.75,0,1,1,0,0,0,0,0,0,0,0,0,0,1,0,0,0,0,0,1,0,0,1,0.8952396284831288,High
0,0,0,0,20,1,0,19.5,403.15,0,0,0,1,1,0,1,0,1,0,1,0,1,0,1,0,1,0,0,0,1,0,0,0.11768705901672684,Low
1,1,0,0,1,1,1,69.5,69.5,0,0,1,0,0,0,0,0,0,0,0,0,0,0,0,0,0,0,0,0,0,1,1,0.8308508735988488,High
1,0,0,0,6,1,1,78.95,494.95,0,0,1,0,0,1,0,1,0,0,0,0,0,0,0,0,0,0,0,1,0,0,1,0.750433702585118,High
1,0,0,0,34,1,1,106.35,3549.25,0,1,1,0,0,0,0,1,0,1,0,0,0,1,0,1,0,0,0,1,0,1,1,0.8237682899220029,High
1,0,0,0,21,1,0,19.6,390.4,0,0,0,1,1,0,1,0,1,0,1,0,1,0,1,0,0,1,0,0,1,0,0,0.06105924699846077,Low
1,0,0,0,46,1,0,108.65,4903.2,0,1,1,0,0,0,0,1,0,1,0,1,0,1,0,1,0,1,0,1,0,0,0,0.2906110700878193,Low
1,0,1,1,34,1,1,97.7,3410.0,0,1,1,0,0,0,0,1,0,0,0,0,0,1,0,1,0,0,0,0,0,0,1,0.7118439739977693,High
1,0,0,1,29,0,1,45.0,1242.45,1,0,0,0,0,1,0,1,0,1,0,1,0,0,0,0,0,0,0,0,1,0,0,0.2603830762427621,Low
1,0,1,1,27,1,1,80.65,2209.75,0,0,1,0,0,1,0,1,0,0,0,0,0,0,0,0,1,0,1,0,0,0,0,0.3025687180437043,Medium
0,0,1,1,72,1,0,89.8,6510.45,0,1,0,0,0,1,0,1,0,1,0,1,0,1,0,1,0,1,1,0,0,0,0,0.02668533111293919,Low
0,0,0,0,42,1,0,54.55,2455.05,0,0,0,0,0,1,0,0,0,1,0,0,0,0,0,0,0,0,1,0,0,0,0,0.16774115494603453,Low
0,1,0,0,27,1,1,78.05,2135.5,0,1,1,0,0,0,0,0,0,1,0,0,0,0,0,0,0,0,0,1,0,1,1,0.7949316960160936,High
1,0,1,0,66,1,1,66.1,4428.45,0,1,0,0,0,1,0,1,0,1,0,0,0,0,0,0,0,1,1,0,0,0,0,0.03745694548550162,Low
0,0,0,0,2,1,1,75.55,166.3,0,1,1,0,0,0,0,0,0,0,0,0,0,0,0,0,0,0,0,1,0,1,1,0.8845233567219012,High
1,0,0,0,32,1,1,96.2,3183.4,0,0,1,0,0,0,0,0,0,0,0,1,0,1,0,1,0,0,0,1,0,1,1,0.762765825903003,High
1,1,0,0,14,1,1,74.95,1036.75,0,1,1,0,0,0,0,0,0,0,0,0,0,0,0,0,0,0,0,1,0,1,1,0.8623415731165773,High
1,0,0,0,19,1,0,89.95,1682.4,0,0,1,0,0,0,0,0,0,1,0,1,0,1,0,0,0,0,0,0,1,0,1,0.6127394244014716,High
1,0,0,1,48,1,1,64.4,3035.35,0,1,0,0,0,1,0,1,0,1,0,0,0,0,0,0,1,0,0,0,0,0,0,0.09354658941302714,Low
1,0,0,0,4,1,1,73.9,280.85,0,0,1,0,0,0,0,0,0,1,0,0,0,0,0,0,0,0,0,1,0,1,1,0.843995992223279,High
1,1,1,0,57,1,1,89.85,4925.35,0,1,1,0,0,0,0,1,0,0,0,0,0,0,0,1,0,0,0,1,0,0,1,0.6785634585851763,High
1,0,1,1,58,1,1,75.2,4300.8,0,0,0,0,0,0,0,1,0,0,0,1,0,1,0,1,1,0,1,0,0,0,0,0.10894168836485485,Low
0,1,1,0,56,1,1,68.45,4014.0,0,1,0,0,0,1,0,1,0,1,0,1,0,0,0,0,1,0,1,0,0,0,0,0.08048840866334184,Low
0,0,1,1,69,1,0,19.75,1375.4,0,0,0,1,1,0,1,0,1,0,1,0,1,0,1,0,0,1,0,0,0,0,0,0.006102431876086737,Low
1,0,1,1,10,0,0,53.7,521.0,1,0,0,0,0,1,0,1,0,1,0,1,0,0,0,1,0,1,1,0,0,0,0,0.13281865400553622,Low
0,0,1,1,3,1,1,80.0,241.3,0,0,1,0,0,0,0,1,0,0,0,1,0,0,0,0,0,0,0,1,0,0,1,0.7363212211770084,High
1,0,0,0,35,1,0,26.2,954.9,0,1,0,1,1,0,1,0,1,0,1,0,1,0,1,0,1,0,0,0,0,0,0,0.0848646798327916,Low
0,0,1,1,11,1,1,19.25,180.3,0,0,0,1,1,0,1,0,1,0,1,0,1,0,1,0,0,0,0,0,1,1,0,0.31438244903164586,Medium
1,0,1,0,56,1,1,100.55,5514.95,0,1,1,0,0,1,0,0,0,0,0,0,0,1,0,1,1,0,0,1,0,0,1,0.5009155844312366,Medium
1,0,1,1,51,1,1,24.95,1222.25,0,1,0,1,1,0,1,0,1,0,1,0,1,0,1,0,0,1,0,0,1,0,0,0.026548604730354062,Low
1,1,0,0,36,1,1,90.85,3186.7,0,1,1,0,0,1,0,0,0,0,0,0,0,1,0,0,0,0,0,1,0,1,1,0.742893916397019,High
1,0,0,1,5,1,0,20.45,106.9,0,0,0,1,1,0,1,0,1,0,1,0,1,0,1,0,0,1,0,0,1,0,0,0.09514241232552371,Low
1,0,1,1,1,1,0,20.4,20.4,0,0,0,1,1,0,1,0,1,0,1,0,1,0,1,0,1,0,0,0,1,0,0,0.2040781259750933,Low
1,1,1,0,7,1,1,74.4,527.9,0,1,1,0,0,0,0,0,0,0,0,0,0,0,0,0,0,0,0,0,1,1,1,0.8485354050056668,High
1,0,1,0,69,1,1,53.65,3804.4,0,0,0,0,0,1,0,1,0,0,0,0,0,0,0,0,1,0,1,0,0,0,0,0.0454975340264096,Low
1,0,1,1,22,1,1,67.5,1544.05,0,0,0,0,0,1,0,0,0,1,0,1,0,1,0,0,1,0,0,0,0,1,0,0.16950604339195152,Low
0,0,0,0,63,1,0,24.2,1618.2,0,1,0,1,1,0,1,0,1,0,1,0,1,0,1,0,0,1,0,0,1,0,0,0.013946514013248743,Low
0,0,1,1,55,1,1,75.75,4264.25,0,1,0,0,0,1,0,1,0,0,0,1,0,0,0,1,1,0,0,0,0,0,0,0.08343678156457522,Low
0,0,0,0,3,1,0,57.55,161.45,0,0,0,0,0,0,0,0,0,1,0,0,0,1,0,0,0,0,0,1,0,0,1,0.6833990080243126,High
1,0,1,1,67,1,0,81.35,5398.6,0,0,0,0,0,1,0,1,0,1,0,0,0,1,0,1,0,1,1,0,0,0,0,0.03145886599110004,Low
0,0,0,0,3,0,0,25.25,58.9,1,0,0,0,0,0,0,0,0,0,0,0,0,0,0,0,0,0,0,1,0,1,1,0.7589108439324241,High
1,0,0,0,1,1,0,19.75,19.75,0,0,0,1,1,0,1,0,1,0,1,0,1,0,1,0,0,0,0,0,1,0,0,0.39236739470697746,Medium
1,0,0,0,16,1,1,89.05,1448.6,0,1,1,0,0,0,0,0,0,0,0,1,0,0,0,1,0,0,1,0,0,1,1,0.7568330547664356,High
1,0,0,1,62,1,1,104.05,6590.5,0,1,1,0,0,0,0,0,0,1,0,1,0,1,0,1,0,1,0,1,0,0,0,0.26898063252085824,Low
0,0,0,0,8,1,1,65.5,573.15,0,1,0,0,0,1,0,1,0,1,0,0,0,0,0,0,0,0,0,0,0,0,1,0.5061941406263519,Medium
1,0,0,1,9,1,0,20.1,190.25,0,0,0,1,1,0,1,0,1,0,1,0,1,0,1,0,1,0,0,0,1,0,0,0.1506437673694899,Low
0,0,1,0,6,1,0,19.5,146.3,0,0,0,1,1,0,1,0,1,0,1,0,1,0,1,0,0,0,0,0,0,1,0,0.3279706986874908,Medium
0,0,0,0,28,1,0,59.0,1654.45,0,1,0,0,0,1,0,0,0,1,0,0,0,0,0,0,1,0,0,0,1,0,0,0.17510241482450642,Low
1,0,0,0,26,1,0,19.4,525.55,0,0,0,1,1,0,1,0,1,0,1,0,1,0,1,0,1,0,0,0,1,0,0,0.09583924204104187,Low
1,0,1,1,38,1,1,101.15,3956.7,0,1,1,0,0,0,0,0,0,1,0,0,0,1,0,1,0,0,1,0,0,0,1,0.7291696213166936,High
0,0,0,0,18,1,1,50.3,913.3,0,1,0,0,0,0,0,0,0,0,0,0,0,0,0,0,0,0,0,1,0,0,1,0.6615468858792671,High
0,0,1,1,3,0,1,31.0,95.05,1,0,0,0,0,0,0,0,0,0,0,1,0,0,0,0,0,0,0,0,1,1,1,0.6424664648677718,High
1,0,1,0,3,0,0,25.0,78.25,1,0,0,0,0,0,0,0,0,0,0,0,0,0,0,0,0,0,0,0,1,0,1,0.7010615691929695,High
1,0,1,0,70,1,0,72.95,5265.55,0,1,0,0,0,0,0,1,0,1,0,1,0,1,0,0,0,1,0,0,0,0,0,0.03374387632607963,Low
1,0,1,1,67,1,1,69.35,4653.25,0,1,0,0,0,1,0,1,0,1,0,1,0,0,0,0,1,0,1,0,0,0,0,0.0406889416356653,Low
1,0,0,1,71,1,0,24.35,1654.6,0,1,0,1,1,0,1,0,1,0,1,0,1,0,1,0,0,1,0,0,1,0,0,0.007938253782261316,Low
1,0,0,1,16,1,1,69.1,1083.7,0,1,0,0,0,1,0,1,0,0,0,0,0,0,0,1,0,0,0,1,0,0,1,0.5594334612991525,Medium
0,0,1,1,10,1,1,65.5,616.9,0,0,0,0,0,0,0,1,0,0,0,1,0,0,0,1,0,0,0,1,0,0,1,0.5639627758513207,Medium
1,0,0,0,1,1,1,90.85,90.85,0,1,1,0,0,0,0,1,0,0,0,0,0,0,0,1,0,0,1,0,0,1,1,0.8547619856217833,High
1,0,1,1,12,1,1,56.3,628.65,0,0,0,0,0,0,0,0,0,0,0,0,0,1,0,0,0,0,0,0,1,0,1,0.5887554071570158,Medium
0,0,0,0,5,1,0,53.85,259.8,0,0,0,0,0,1,0,0,0,0,0,1,0,0,0,0,0,0,1,0,0,1,0,0.3431845292264534,Medium
0,1,1,0,40,1,1,99.2,4062.2,0,0,1,0,0,0,0,1,0,0,0,1,0,1,0,1,1,0,1,0,0,1,0,0.4526691983124218,Medium
1,1,1,0,21,1,1,64.95,1339.8,0,0,0,0,0,1,0,1,0,0,0,0,0,0,0,1,0,0,0,0,0,0,0,0.4578923019399019,Medium
1,0,0,0,9,1,1,68.25,576.95,0,0,0,0,0,1,0,0,0,1,0,1,0,0,0,1,0,0,0,0,0,0,0,0.4459943892670774,Medium
0,0,1,0,7,1,1,50.3,355.1,0,0,0,0,0,1,0,0,0,0,0,0,0,0,0,0,0,0,0,0,0,0,1,0.5054111326432358,Medium
0,0,0,0,38,1,0,20.05,678.2,0,0,0,1,1,0,1,0,1,0,1,0,1,0,1,0,1,0,0,0,1,0,0,0.057138809192663294,Low
1,0,0,0,1,1,1,50.5,50.5,0,0,0,0,0,0,0,0,0,1,0,0,0,0,0,0,0,0,0,1,0,1,1,0.7375383339786536,High
1,0,0,0,7,1,1,74.9,490.55,0,0,1,0,0,0,0,0,0,1,0,0,0,0,0,0,0,0,0,1,0,0,1,0.8326152063853909,High
0,0,0,0,2,1,1,70.95,137.95,0,0,1,0,0,0,0,0,0,0,0,0,0,0,0,0,0,0,0,1,0,1,1,0.8579604648950123,High
0,0,0,0,56,1,1,19.55,1080.55,0,0,0,1,1,0,1,0,1,0,1,0,1,0,1,0,0,1,0,0,0,0,0,0.018090588873238764,Low
0,0,1,0,6,1,0,50.35,314.55,0,1,0,0,0,0,0,0,0,0,0,0,0,0,0,0,0,0,0,1,0,0,1,0.6878537556145037,High
0,0,0,0,63,1,0,58.55,3503.5,0,0,0,0,0,0,0,0,0,1,0,0,0,0,0,1,1,0,1,0,0,0,0,0.08035689993440251,Low
0,0,0,0,64,1,1,110.5,7069.25,0,1,1,0,0,0,0,1,0,1,0,1,0,1,0,1,0,1,1,0,0,0,0,0.20734407045660241,Low
1,0,1,0,29,0,1,45.9,1332.4,1,0,0,0,0,0,0,0,0,0,0,0,0,1,0,1,0,0,0,1,0,0,1,0.7401614523892741,High
1,0,0,0,32,1,1,85.65,2664.3,0,1,1,0,0,0,0,0,0,0,0,0,0,0,0,1,0,0,0,0,0,0,1,0.7363428040708393,High
0,1,0,0,2,1,1,84.05,186.05,0,1,1,0,0,0,0,0,0,0,0,0,0,0,0,1,0,0,0,1,0,0,1,0.9181453267709718,High
1,0,1,0,60,1,1,94.4,5610.25,0,0,1,0,0,0,0,1,0,0,0,0,0,1,0,1,1,0,0,1,0,1,0,0.462240421442512,Medium
1,0,0,0,22,1,0,65.05,1427.55,0,1,0,0,0,1,0,1,0,1,0,0,0,0,0,0,0,0,0,0,1,0,0,0.3295582953394189,Medium
1,0,0,0,11,0,1,35.65,425.1,1,0,0,0,0,0,0,1,0,0,0,1,0,0,0,0,0,0,0,1,0,0,1,0.6670174535606105,High
1,1,1,0,57,1,1,90.65,5199.8,0,0,1,0,0,0,0,1,0,1,0,0,0,1,0,0,1,0,0,1,0,0,0,0.4449739793796219,Medium
1,0,0,0,1,1,1,44.15,44.15,0,0,0,0,0,0,0,0,0,0,0,0,0,0,0,0,0,0,0,0,1,1,1,0.6724140084767657,High
0,0,0,0,62,1,1,19.2,1123.65,0,0,0,1,1,0,1,0,1,0,1,0,1,0,1,0,0,1,1,0,0,0,0,0.013736989154603673,Low
0,0,1,0,47,1,1,98.75,4533.7,0,1,1,0,0,1,0,1,0,1,0,0,0,1,0,0,0,0,0,1,0,1,1,0.6064269602553263,High
0,0,1,1,61,1,0,88.1,5526.75,0,1,0,0,0,1,0,1,0,1,0,1,0,1,0,1,0,1,0,0,1,0,0,0.03719792243875061,Low
0,0,0,0,3,1,1,70.15,194.2,0,0,1,0,0,0,0,0,0,0,0,0,0,0,0,0,0,0,0,1,0,0,1,0.8523841839976961,High
1,0,1,1,64,1,0,81.05,5135.35,0,0,1,0,0,1,0,1,0,0,0,0,0,0,0,0,0,0,0,1,0,0,0,0.23974254714684445,Low
0,0,1,1,6,1,1,94.05,518.75,0,1,1,0,0,0,0,1,0,1,0,0,0,1,0,0,0,0,0,0,1,0,1,0.7942431807447349,High
0,0,1,1,56,1,0,20.05,1090.1,0,0,0,1,1,0,1,0,1,0,1,0,1,0,1,0,0,1,0,0,1,0,0,0.011263378736857508,Low
0,0,1,1,27,1,0,49.85,1336.15,0,0,0,0,0,0,0,1,0,0,0,0,0,0,0,0,0,0,0,0,1,0,0,0.2759461199379169,Low
0,0,1,0,46,0,0,45.55,2062.15,1,0,0,0,0,1,0,1,0,0,0,0,0,1,0,0,0,0,0,1,0,0,0,0.3083336580348165,Medium
1,1,0,0,1,1,0,45.1,45.1,0,0,0,0,0,0,0,0,0,0,0,0,0,0,0,0,0,0,0,1,0,1,1,0.709322688141542,High
1,0,0,0,11,1,0,20.4,231.45,0,0,0,1,1,0,1,0,1,0,1,0,1,0,1,0,0,1,0,0,1,0,0,0.0925984263983084,Low
1,0,1,0,32,1,1,98.85,3145.9,0,1,1,0,0,0,0,1,0,0,0,0,0,1,0,1,0,0,1,0,0,0,1,0.7657673387314433,High
1,0,0,0,4,1,0,77.85,299.2,0,0,1,0,0,0,0,0,0,0,0,0,0,1,0,0,0,0,0,1,0,1,1,0.8325312035146754,High
1,0,0,0,24,1,1,55.65,1400.55,0,1,0,0,0,1,0,0,0,0,0,0,0,0,0,0,0,0,0,0,0,1,0,0.423768710493612,Medium
1,0,0,0,35,1,1,108.95,4025.5,0,1,1,0,0,1,0,0,0,1,0,1,0,1,0,1,0,1,0,1,0,0,0,0.38149671795703927,Medium
0,0,0,1,46,1,1,105.2,4822.85,0,0,1,0,0,1,0,1,0,0,0,1,0,1,0,1,1,0,0,0,0,1,0,0.24442504528658787,Low
1,0,1,1,1,1,1,70.0,70.0,0,0,1,0,0,0,0,0,0,0,0,0,0,0,0,0,0,0,0,1,0,1,1,0.8378317847670489,High
0,0,1,0,72,1,1,110.15,7881.2,0,1,1,0,0,1,0,0,0,1,0,1,0,1,0,1,0,1,1,0,0,0,0,0.14316089599989415,Low
0,1,1,0,63,1,1,103.5,6479.4,0,1,1,0,0,0,0,1,0,1,0,0,0,1,0,1,0,0,0,1,0,0,1,0.7154630186011498,High
0,0,1,0,21,1,1,86.5,1808.7,0,1,1,0,0,0,0,0,0,0,0,0,0,0,0,1,0,0,0,1,0,1,1,0.8544011396129623,High
1,0,1,1,37,0,1,40.2,1525.35,1,0,0,0,0,1,0,0,0,1,0,1,0,0,0,0,1,0,0,1,0,0,0,0.1747593713495351,Low
1,0,0,0,55,1,1,100.9,5552.05,0,0,1,0,0,1,0,1,0,0,0,0,0,1,0,1,1,0,0,0,1,0,0,0.3307897586880474,Medium
1,0,1,0,14,1,1,66.6,979.5,0,1,0,0,0,0,0,0,0,0,0,1,0,1,0,0,0,0,1,0,0,0,1,0.5955133154247642,Medium
1,0,1,1,53,1,0,71.85,3827.9,0,1,0,0,0,1,0,0,0,0,0,1,0,0,0,1,0,0,0,1,0,0,0,0.19761436083961328,Low
0,0,1,1,50,1,1,84.15,4164.4,0,1,0,0,0,0,0,1,0,1,0,1,0,1,0,1,1,0,1,0,0,0,0,0.16674491187346843,Low
1,1,1,0,38,1,1,102.6,4009.2,0,1,1,0,0,0,0,1,0,1,0,0,0,1,0,1,0,0,0,1,0,0,1,0.8297384177863217,High
0,1,0,0,30,1,1,99.7,2967.35,0,1,1,0,0,0,0,1,0,0,0,0,0,1,0,1,0,0,0,1,0,1,1,0.8531349107248211,High
0,0,0,0,28,1,1,59.9,1654.7,0,0,0,0,0,1,0,1,0,0,0,1,0,0,0,0,1,0,0,1,0,0,0,0.17311067397060245,Low
1,1,1,0,46,0,1,59.9,2816.65,1,0,0,0,0,0,0,1,0,1,0,1,0,1,0,1,1,0,0,0,0,1,0,0.2686753872922746,Low
0,0,0,0,67,1,0,20.55,1343.4,0,0,0,1,1,0,1,0,1,0,1,0,1,0,1,0,1,0,0,1,0,0,0,0.02453191192966258,Low
0,0,0,0,1,1,0,45.95,45.95,0,0,0,0,0,0,0,0,0,0,0,0,0,0,0,0,0,0,0,0,1,1,1,0.5916831226836932,Medium
1,0,1,0,50,1,0,19.8,1013.2,0,0,0,1,1,0,1,0,1,0,1,0,1,0,1,0,0,1,0,1,0,0,0,0.026499580633883937,Low
0,0,1,0,56,1,1,98.0,5270.6,0,1,1,0,0,1,0,0,0,0,0,0,0,1,0,1,1,0,0,1,0,0,0,0.4720781436161128,Medium
1,0,0,0,1,1,0,19.95,19.95,0,0,0,1,1,0,1,0,1,0,1,0,1,0,1,0,0,0,0,0,1,0,0,0.39296757823467804,Medium
1,0,1,0,3,0,0,35.1,101.1,1,0,0,0,0,1,0,0,0,0,0,1,0,0,0,0,0,0,0,0,1,0,1,0.5164536300405224,Medium
0,0,1,0,72,1,1,109.55,8165.1,0,1,1,0,0,1,0,1,0,1,0,0,0,1,0,1,0,1,0,1,0,0,0,0.24472355645283955,Low
0,0,0,0,48,1,1,60.35,2896.4,0,0,0,0,0,1,0,0,0,1,0,1,0,0,0,0,1,0,1,0,0,1,0,0.07389304985014909,Low
1,0,0,0,9,0,0,39.55,373.0,1,0,0,0,0,1,0,1,0,1,0,0,0,0,0,0,1,0,0,0,1,0,0,0.3180849219014192,Medium
1,0,0,0,19,1,0,69.6,1394.55,0,1,0,0,0,0,0,0,0,0,0,0,0,1,0,1,0,0,0,0,1,0,1,0.6264687416188252,High
1,0,1,1,46,1,0,81.0,3846.35,0,0,0,0,0,1,0,0,0,1,0,1,0,1,0,1,0,1,0,0,1,0,0,0.05122874113407144,Low
1,0,1,0,56,1,1,107.25,6033.3,0,1,1,0,0,0,0,1,0,0,0,1,0,1,0,1,1,0,0,1,0,0,1,0.5098201125787517,Medium
1,0,0,0,35,1,0,83.15,2848.45,0,1,1,0,0,0,0,0,0,0,0,0,0,1,0,0,0,0,0,1,0,0,1,0.7175965426150309,High
0,0,0,0,25,1,0,19.8,475.2,0,0,0,1,1,0,1,0,1,0,1,0,1,0,1,0,0,1,1,0,0,0,0,0.047873022550722615,Low
0,0,0,0,21,1,1,68.65,1493.2,0,0,1,0,0,0,0,0,0,0,0,0,0,0,0,0,0,0,0,1,0,0,1,0.7623849427128067,High
1,0,1,1,71,1,0,25.35,1847.55,0,1,0,1,1,0,1,0,1,0,1,0,1,0,1,0,0,1,1,0,0,0,0,0.0080856098286187,Low
0,0,1,0,1,1,1,79.35,79.35,0,0,1,0,0,0,0,0,0,0,0,0,0,1,0,0,0,0,0,0,0,1,1,0.8379668233256049,High
0,0,0,0,62,1,0,84.5,5193.2,0,1,0,0,0,0,0,1,0,1,0,1,0,1,0,1,0,1,0,0,0,0,0,0.05832520379492522,Low
1,0,1,1,53,1,1,78.75,3942.45,0,1,0,0,0,0,0,0,0,1,0,1,0,1,0,1,1,0,0,0,1,0,0,0.17447082658745505,Low
0,0,0,0,2,1,1,74.9,136.05,0,1,1,0,0,0,0,0,0,0,0,0,0,0,0,0,0,0,0,0,1,0,1,0.8421216959355793,High
1,1,1,0,72,1,1,93.05,6735.05,0,1,1,0,0,1,0,1,0,1,0,1,0,0,0,0,0,1,0,0,0,0,0,0.07564629630990131,Low
0,0,1,0,24,1,1,79.65,1928.7,0,1,1,0,0,0,0,0,0,1,0,0,0,0,0,0,0,0,0,0,1,0,1,0.7293681961725608,High
1,0,0,0,41,1,1,55.7,2237.55,0,1,0,0,0,0,0,0,0,1,0,0,0,0,0,0,0,0,0,0,0,0,0,0.3650290210828085,Medium
0,0,0,1,2,1,1,94.2,193.8,0,1,1,0,0,0,0,0,0,0,0,0,0,1,0,1,0,0,0,0,0,1,1,0.8636095266568927,High
1,0,0,0,2,1,1,67.75,116.65,0,0,1,0,0,0,0,0,0,0,0,0,0,0,0,0,0,0,0,1,0,1,1,0.8561948178953668,High
1,1,1,0,27,1,1,95.55,2510.2,0,1,1,0,0,0,0,1,0,1,0,0,0,0,0,1,0,0,0,1,0,1,1,0.8317076800840331,High
1,1,1,0,53,1,1,101.9,5549.4,0,1,1,0,0,0,0,1,0,0,0,0,0,1,0,1,0,0,0,1,0,1,1,0.7883748754774187,High
0,0,0,0,34,1,1,64.4,2088.75,0,1,0,0,0,1,0,1,0,0,0,1,0,0,0,0,1,0,0,0,1,1,0,0.1335030891604126,Low
1,0,0,0,1,1,1,85.0,85.0,0,0,1,0,0,0,0,1,0,0,0,0,0,0,0,1,0,0,0,1,0,0,1,0.8732344277773061,High
0,0,1,1,48,1,0,19.55,883.35,0,0,0,1,1,0,1,0,1,0,1,0,1,0,1,0,0,1,0,0,1,0,0,0.015579388554032072,Low
0,1,0,0,3,1,1,75.05,256.25,0,1,1,0,0,0,0,0,0,0,0,0,0,0,0,0,0,0,1,0,0,1,1,0.8521494281057789,High
0,0,1,1,71,1,0,64.05,4492.9,0,0,0,0,0,1,0,1,0,1,0,1,0,0,0,0,0,1,1,0,0,0,0,0.009049702552614046,Low
1,0,0,0,24,1,1,85.95,2107.15,0,0,1,0,0,0,0,1,0,1,0,1,0,0,0,0,0,0,0,1,0,0,1,0.6542861482206666,High
0,1,1,0,5,1,0,70.05,302.6,0,0,1,0,0,0,0,0,0,0,0,0,0,0,0,0,0,0,0,1,0,0,1,0.8200389299578125,High
0,1,0,0,8,1,1,75.75,606.25,0,1,1,0,0,0,0,0,0,0,0,0,0,0,0,0,0,0,0,1,0,1,1,0.8813371047447117,High
1,0,0,0,15,1,1,19.8,309.4,0,0,0,1,1,0,1,0,1,0,1,0,1,0,1,0,0,0,0,0,1,0,0,0.3322784877826645,Medium
1,1,0,0,2,1,1,74.7,165.4,0,0,1,0,0,0,0,1,0,0,0,0,0,0,0,0,0,0,0,1,0,1,1,0.8594190209283811,High
0,0,1,1,13,1,1,25.0,332.5,0,1,0,1,1,0,1,0,1,0,1,0,1,0,1,0,0,1,0,0,0,0,0,0.11120031956870087,Low
0,1,1,0,17,1,1,85.35,1463.45,0,1,1,0,0,1,0,0,0,1,0,0,0,0,0,0,0,0,0,0,0,1,1,0.7105808499863491,High
1,0,1,0,24,1,1,58.35,1346.9,0,1,0,0,0,1,0,0,0,0,0,1,0,0,0,0,1,0,0,1,0,0,0,0.267066077816996,Low
0,0,1,1,50,1,0,20.55,1070.25,0,0,0,1,1,0,1,0,1,0,1,0,1,0,1,0,0,1,1,0,0,0,0,0.014121726537867942,Low
1,0,0,0,57,1,1,74.35,4317.35,0,0,0,0,0,1,0,0,0,1,0,0,0,1,0,1,0,1,0,0,0,0,0,0.0755347066139801,Low
0,1,0,0,3,0,0,25.3,77.75,1,0,0,0,0,0,0,0,0,0,0,0,0,0,0,0,0,0,0,1,0,1,1,0.7869040399630873,High
1,0,0,0,37,1,1,91.15,3369.25,0,1,1,0,0,1,0,0,0,0,0,0,0,1,0,0,0,0,0,1,0,0,1,0.7115108538399193,High
0,0,1,0,71,1,0,25.6,1888.25,0,1,0,1,1,0,1,0,1,0,1,0,1,0,1,0,0,1,1,0,0,0,0,0.009965220250809825,Low
1,0,1,1,72,1,1,66.5,4811.6,0,1,0,0,0,1,0,0,0,1,0,1,0,0,0,0,0,1,1,0,0,0,0,0.02038556345078365,Low
1,0,0,1,52,1,0,25.6,1334.5,0,1,0,1,1,0,1,0,1,0,1,0,1,0,1,0,0,1,1,0,0,0,0,0.01733448110896464,Low
1,0,0,0,4,1,1,19.85,63.0,0,0,0,1,1,0,1,0,1,0,1,0,1,0,1,0,0,0,0,1,0,0,1,0.5296671288024402,Medium
1,0,0,0,9,1,1,69.5,653.25,0,0,0,0,0,1,0,0,0,1,0,1,0,1,0,0,0,0,0,0,1,0,0,0.4620100109811125,Medium
1,1,1,0,7,1,1,74.85,485.25,0,1,1,0,0,0,0,0,0,0,0,0,0,0,0,0,0,0,0,1,0,0,1,0.8875975580493745,High
0,0,1,1,48,1,1,70.1,3238.4,0,0,0,0,0,1,0,1,0,1,0,0,0,0,0,1,0,1,1,0,0,0,0,0.05119617517939934,Low
0,0,1,0,47,1,1,58.6,2723.4,0,0,0,0,0,0,0,1,0,0,0,0,0,1,0,0,0,0,0,0,0,0,0,0.28907465821398315,Low
0,1,0,0,4,1,0,72.75,317.75,0,0,1,0,0,0,0,1,0,0,0,0,0,0,0,0,0,0,0,1,0,0,1,0.7947931533549355,High
0,0,0,0,47,1,1,103.7,4730.6,0,0,1,0,0,1,0,0,0,1,0,1,0,1,0,1,1,0,0,1,0,0,0,0.3850249337645778,Medium
1,0,1,0,24,0,0,29.1,688.0,1,0,0,0,0,0,0,0,0,1,0,0,0,0,0,0,0,0,0,1,0,0,1,0.5677862869951492,Medium
0,0,0,0,1,1,1,50.45,50.45,0,0,0,0,0,0,0,0,0,1,0,0,0,0,0,0,0,0,0,0,1,1,1,0.6582656077521721,High
1,0,0,0,1,0,1,44.65,44.65,1,0,0,0,0,0,0,1,0,0,0,1,0,0,0,1,0,0,0,0,1,1,1,0.7246486804487845,High
0,0,1,1,1,1,0,19.25,19.25,0,0,0,1,1,0,1,0,1,0,1,0,1,0,1,0,0,0,0,1,0,0,0,0.4174362727208609,Medium
1,0,0,0,48,1,1,108.1,5067.45,0,1,1,0,0,0,0,1,0,1,0,0,0,1,0,1,0,1,0,0,0,0,0,0.35515740141802393,Medium
1,0,0,0,27,1,0,20.1,562.6,0,0,0,1,1,0,1,0,1,0,1,0,1,0,1,0,1,0,0,0,0,0,0,0.08835151496884634,Low
0,0,1,0,60,1,0,59.85,3483.45,0,0,0,0,0,1,0,1,0,0,0,1,0,0,0,0,0,1,0,0,0,0,0,0.016194408936910827,Low
0,0,0,0,26,1,1,56.05,1553.2,0,0,0,0,0,0,0,1,0,1,0,0,0,0,0,0,1,0,0,0,1,0,0,0.2530705171989904,Low
0,1,0,0,51,1,0,19.6,967.9,0,0,0,1,1,0,1,0,1,0,1,0,1,0,1,0,0,1,1,0,0,0,0,0.018596411277185167,Low
0,0,0,0,4,1,1,79.0,303.15,0,0,1,0,0,0,0,0,0,0,0,0,0,1,0,0,0,0,0,1,0,1,1,0.8732374750285108,High
0,1,0,0,26,1,1,66.05,1652.4,0,1,0,0,0,0,0,0,0,0,0,1,0,0,0,1,0,0,0,1,0,0,1,0.6208457484145201,High
0,0,0,0,41,1,1,106.5,4282.4,0,1,1,0,0,1,0,1,0,1,0,1,0,1,0,0,0,0,0,1,0,0,1,0.576806340437749,Medium
0,0,1,0,68,1,0,114.9,7843.55,0,1,1,0,0,1,0,1,0,1,0,1,0,1,0,1,0,1,0,0,0,0,0,0.107623376024951,Low
1,0,1,1,45,1,0,54.65,2553.7,0,0,0,0,0,1,0,0,0,0,0,1,0,0,0,0,0,1,0,0,0,0,0,0.025663511772821754,Low
0,0,1,1,22,1,1,69.5,1498.2,0,0,0,0,0,0,0,1,0,0,0,0,0,1,0,1,1,0,0,0,0,1,0,0.3355878112736362,Medium
1,0,0,0,12,1,1,79.95,1043.4,0,0,1,0,0,0,0,0,0,0,0,0,0,0,0,1,0,0,0,0,0,0,1,0.7982198504664749,High
0,0,0,0,1,1,0,43.95,43.95,0,0,0,0,0,0,0,0,0,0,0,0,0,0,0,0,0,0,1,0,0,0,1,0.5713825791640634,Medium
1,0,0,0,7,1,1,94.1,701.3,0,1,1,0,0,0,0,0,0,0,0,0,0,1,0,1,0,0,0,1,0,0,1,0.9155441697573593,High
0,0,0,0,1,1,1,20.2,20.2,0,0,0,1,1,0,1,0,1,0,1,0,1,0,1,0,0,0,0,0,0,1,0,0.4552592031141202,Medium
0,0,0,0,13,0,1,23.9,300.8,1,0,0,0,0,0,0,0,0,0,0,0,0,0,0,0,0,0,0,1,0,1,1,0.7405194587496344,High
1,0,0,0,51,1,0,20.45,1042.65,0,0,0,1,1,0,1,0,1,0,1,0,1,0,1,0,0,1,0,0,1,0,0,0.017885935299888852,Low
1,0,1,1,4,1,0,44.8,169.65,0,0,0,0,0,0,0,0,0,0,0,0,0,0,0,0,0,0,0,1,0,0,1,0.6014235204134373,High
1,0,0,0,26,1,1,84.3,2281.6,0,1,1,0,0,0,0,0,0,1,0,1,0,0,0,0,0,0,0,0,1,0,1,0.6487015259880994,High
0,0,0,0,24,1,1,88.95,2072.75,0,1,1,0,0,0,0,0,0,1,0,0,0,1,0,0,0,0,1,0,0,0,1,0.7592921353363428,High
0,1,1,0,61,1,1,94.2,5895.45,0,1,1,0,0,1,0,1,0,1,0,1,0,0,0,0,0,0,1,0,0,0,0,0.31940994904072084,Medium
0,0,0,0,72,1,1,114.9,8496.7,0,1,1,0,0,1,0,1,0,1,0,1,0,1,0,1,0,1,0,1,0,0,0,0.19219960677742606,Low
0,0,0,0,55,1,1,84.25,4589.85,0,1,1,0,0,1,0,0,0,1,0,0,0,0,0,0,1,0,1,0,0,0,0,0.24367240165981185,Low
1,0,0,0,12,1,0,81.7,858.6,0,0,1,0,0,1,0,0,0,1,0,0,0,0,0,0,0,0,0,0,0,1,1,0.5732305566913484,Medium
1,0,1,1,64,1,0,93.4,5822.3,0,1,1,0,0,1,0,0,0,1,0,0,0,0,0,1,0,1,0,0,0,0,0,0.09315919644510329,Low
0,1,0,0,37,1,1,96.55,3580.3,0,1,1,0,0,0,0,0,0,0,0,0,0,1,0,1,0,0,0,1,0,1,1,0.8517177955521675,High
1,0,1,0,72,1,1,88.7,6301.7,0,1,0,0,0,1,0,1,0,1,0,1,0,1,0,1,0,1,1,0,0,0,0,0.044921509581052156,Low
1,0,0,0,11,1,0,19.5,226.8,0,0,0,1,1,0,1,0,1,0,1,0,1,0,1,0,1,0,0,0,1,0,0,0.16862646049204702,Low
0,1,1,0,52,1,1,109.1,5647.95,0,1,1,0,0,1,0,1,0,1,0,0,0,1,0,1,0,0,0,1,0,0,1,0.698660012697586,High
0,0,1,1,58,1,1,44.1,2413.05,0,0,0,0,0,0,0,0,0,0,0,0,0,0,0,0,1,0,0,0,1,0,0,0.08081009565933345,Low
0,0,0,0,4,1,0,55.2,220.65,0,0,0,0,0,1,0,1,0,0,0,0,0,0,0,0,0,0,0,1,0,0,1,0.5033460319827845,Medium
0,0,1,1,38,1,0,20.3,749.35,0,0,0,1,1,0,1,0,1,0,1,0,1,0,1,0,1,0,0,0,1,0,0,0.04780996307098751,Low
1,0,0,1,3,1,0,20.85,60.65,0,0,0,1,1,0,1,0,1,0,1,0,1,0,1,0,0,0,0,0,1,0,0,0.32331684486220114,Medium
1,0,0,0,62,1,1,92.3,5731.45,0,1,1,0,0,1,0,1,0,0,0,0,0,0,0,1,1,0,0,0,0,0,0,0.25362827248036524,Low
0,0,0,0,8,1,0,54.25,447.75,0,0,0,0,0,1,0,0,0,0,0,1,0,0,0,0,1,0,0,0,0,0,0,0.1868175219904683,Low
1,0,1,1,16,1,0,19.75,313.4,0,0,0,1,1,0,1,0,1,0,1,0,1,0,1,0,0,0,0,1,0,0,0,0.2796920023980801,Low
1,0,0,0,8,1,0,43.55,335.4,0,0,0,0,0,0,0,0,0,0,0,0,0,0,0,0,0,0,0,0,1,0,1,0.5254935655850403,Medium
1,0,0,0,1,1,0,19.8,19.8,0,0,0,1,1,0,1,0,1,0,1,0,1,0,1,0,0,0,0,0,1,1,0,0.39251741017779973,Medium
1,0,1,1,52,0,0,50.2,2554.0,1,0,0,0,0,0,0,1,0,1,0,1,0,1,0,0,0,1,0,0,1,0,0,0.04988871160123102,Low
0,0,1,0,72,1,1,26.0,1776.0,0,1,0,1,1,0,1,0,1,0,1,0,1,0,1,0,0,1,0,0,1,0,0,0.013831559761311651,Low
1,1,0,0,16,1,0,69.65,1043.3,0,0,1,0,0,0,0,0,0,0,0,0,0,0,0,0,0,0,0,1,0,0,1,0.7613790082388742,High
1,0,0,0,18,1,1,89.6,1633.0,0,1,1,0,0,0,0,0,0,1,0,0,0,1,0,0,1,0,1,0,0,0,1,0.6570161111263295,High
1,0,0,0,1,1,0,20.25,20.25,0,0,0,1,1,0,1,0,1,0,1,0,1,0,1,0,0,0,0,0,1,1,0,0.39386845944255283,Medium
1,0,1,1,72,1,1,75.4,5480.25,0,0,0,0,0,0,0,1,0,1,0,0,0,1,0,1,0,1,0,0,0,0,0,0.0526337327474225,Low
0,0,1,0,49,1,0,20.7,1032.05,0,0,0,1,1,0,1,0,1,0,1,0,1,0,1,0,1,0,1,0,0,0,0,0.03636579358064452,Low
1,0,0,0,1,1,0,44.0,44.0,0,0,0,0,0,0,0,0,0,0,0,0,0,0,0,0,0,0,0,1,0,0,1,0.6733550485351442,High
0,0,1,0,51,1,1,93.5,4619.55,0,0,1,0,0,1,0,1,0,1,0,0,0,1,0,0,1,0,0,1,0,0,0,0.3311040246376712,Medium
1,1,1,0,72,1,1,97.25,7133.1,0,1,1,0,0,0,0,1,0,0,0,0,0,1,0,1,1,0,1,0,0,0,0,0.3950171001233008,Medium
1,1,1,0,72,1,0,77.35,5396.25,0,1,0,0,0,0,0,1,0,1,0,1,0,1,0,0,0,1,1,0,0,0,0,0.03875260204432947,Low
0,0,0,0,16,1,0,19.05,326.65,0,0,0,1,1,0,1,0,1,0,1,0,1,0,1,0,1,0,0,0,1,0,0,0.1362657200909067,Low
1,0,1,1,16,1,0,84.9,1398.25,0,1,0,0,0,1,0,1,0,0,0,1,0,1,0,1,0,0,0,1,0,0,0,0.462191185112428,Medium
1,0,0,0,1,1,0,19.65,19.65,0,0,0,1,1,0,1,0,1,0,1,0,1,0,1,0,0,0,0,0,0,0,0,0.37813030577400714,Medium
1,0,1,0,10,1,1,85.6,813.85,0,1,1,0,0,0,0,0,0,0,0,0,0,1,0,0,0,0,0,1,0,1,1,0.8874517094090567,High
0,0,1,0,57,1,1,100.75,5985.0,0,1,1,0,0,0,0,0,0,1,0,0,0,1,0,1,1,0,1,0,0,0,1,0.5010397855169798,Medium
1,0,1,1,32,1,1,90.8,3023.85,0,0,1,0,0,1,0,1,0,0,0,0,0,0,0,1,1,0,0,1,0,0,0,0.4390954405421433,Medium
0,0,0,0,72,1,1,101.3,7261.25,0,1,1,0,0,1,0,1,0,1,0,0,0,1,0,0,0,1,0,0,0,0,0,0.12197383284272116,Low
0,1,1,0,58,1,1,97.8,5458.8,0,1,1,0,0,0,0,1,0,0,0,0,0,1,0,1,1,0,0,0,0,0,0,0.46150967422906913,Medium
0,0,0,0,23,1,1,73.75,1756.6,0,1,0,0,0,0,0,0,0,0,0,1,0,1,0,1,1,0,0,0,1,0,0,0.40560027804784504,Medium
1,1,0,0,25,1,1,89.5,2196.15,0,1,1,0,0,0,0,1,0,0,0,0,0,1,0,0,0,0,0,1,0,1,1,0.8338682593271481,High
1,0,1,1,32,1,1,19.45,674.55,0,0,0,1,1,0,1,0,1,0,1,0,1,0,1,0,0,0,1,0,0,0,0,0.15503942034016455,Low
0,0,0,0,69,1,0,104.0,7028.5,0,1,1,0,0,0,0,0,0,1,0,1,0,1,0,1,0,1,0,1,0,0,0,0.20120687599533651,Low
0,0,1,1,72,1,1,109.5,7854.9,0,0,1,0,0,1,0,1,0,1,0,1,0,1,0,1,0,1,1,0,0,0,0,0.08081492411415214,Low
1,0,0,0,50,0,1,35.4,1748.9,1,0,0,0,0,1,0,0,0,0,0,1,0,0,0,0,1,0,0,0,1,0,0,0.09903201295688703,Low
1,0,1,1,28,1,0,106.1,2847.4,0,1,1,0,0,1,0,1,0,0,0,0,0,1,0,1,1,0,0,1,0,1,1,0.5048859203744591,Medium
0,0,1,0,10,1,0,20.1,184.4,0,0,0,1,1,0,1,0,1,0,1,0,1,0,1,0,1,0,0,0,1,0,0,0.17394927308921532,Low
1,0,1,1,58,1,1,94.7,5430.35,0,1,1,0,0,0,0,1,0,0,0,1,0,1,0,0,1,0,1,0,0,0,0,0.2505458482767352,Low
1,1,1,0,7,1,1,75.4,533.05,0,1,1,0,0,0,0,0,0,0,0,0,0,0,0,0,0,0,0,1,0,0,1,0.889319784852193,High
1,0,0,1,4,1,0,49.35,219.65,0,0,0,0,0,1,0,0,0,0,0,0,0,0,0,0,0,0,0,1,0,1,0,0.49179073438733,Medium
0,0,1,1,34,1,1,60.8,2042.05,0,0,0,0,0,1,0,1,0,1,0,0,0,0,0,0,1,0,0,0,1,0,0,0.1199566032846868,Low
0,0,1,1,70,1,1,115.15,8250.0,0,1,1,0,0,1,0,1,0,1,0,1,0,1,0,1,0,1,1,0,0,0,0,0.11873484331173512,Low
1,1,1,1,71,1,1,72.9,5139.65,0,1,0,0,0,0,0,1,0,1,0,1,0,0,0,1,1,0,0,0,0,0,0,0.080330120041966,Low
1,0,0,0,21,1,0,103.85,2215.0,0,1,1,0,0,1,0,0,0,1,0,0,0,1,0,1,0,0,0,0,1,0,1,0.7071736433716831,High
0,0,0,0,56,1,1,60.25,3282.75,0,0,0,0,0,1,0,0,0,1,0,1,0,0,0,0,1,0,1,0,0,0,0,0.0559984686267672,Low
1,0,0,1,71,1,1,76.9,5522.7,0,0,0,0,0,1,0,1,0,1,0,1,0,1,0,0,0,1,1,0,0,0,0,0.020442123461669112,Low
0,0,1,1,14,1,1,87.25,1258.6,0,1,1,0,0,0,0,0,0,1,0,0,0,0,0,1,0,0,0,1,0,1,1,0.8386940408932824,High
1,0,1,1,41,1,0,19.5,798.2,0,0,0,1,1,0,1,0,1,0,1,0,1,0,1,0,1,0,0,0,0,0,0,0.040606381236570184,Low
0,0,0,0,3,1,0,74.4,215.8,0,1,1,0,0,0,0,0,0,0,0,0,0,0,0,0,0,0,0,0,0,1,1,0.7752389067807375,High
0,0,1,1,58,1,0,20.5,1191.4,0,0,0,1,1,0,1,0,1,0,1,0,1,0,1,0,0,1,1,0,0,0,0,0.009948543762481334,Low
0,0,1,1,72,0,0,65.7,4575.35,1,0,0,0,0,1,0,1,0,1,0,1,0,1,0,1,0,1,0,0,0,0,0,0.023638388917932934,Low
0,0,0,0,13,1,0,89.4,1132.35,0,1,1,0,0,0,0,1,0,1,0,1,0,0,0,0,0,0,0,1,0,1,1,0.68822659327059,High
1,0,1,1,43,1,1,79.15,3566.6,0,0,0,0,0,1,0,0,0,1,0,1,0,1,0,1,0,1,1,0,0,0,0,0.07055671139111575,Low
1,0,0,0,41,0,1,51.35,2075.1,1,0,0,0,0,0,0,0,0,1,0,0,0,1,0,1,1,0,0,1,0,0,0,0.46205486211837354,Medium
0,0,0,0,2,1,0,70.0,153.05,0,0,1,0,0,0,0,0,0,0,0,0,0,0,0,0,0,0,0,0,0,1,1,0.739438522539646,High
0,0,0,0,1,1,0,20.3,20.3,0,0,0,1,1,0,1,0,1,0,1,0,1,0,1,0,0,0,1,0,0,0,0,0.3731851442976524,Medium
1,0,0,0,4,1,1,79.9,324.3,0,0,1,0,0,0,0,0,0,0,0,0,0,0,0,1,0,0,0,1,0,1,1,0.8810221828562033,High
1,0,0,0,1,1,1,19.9,19.9,0,0,0,1,1,0,1,0,1,0,1,0,1,0,1,0,0,0,0,0,1,0,0,0.47639323954530033,Medium
1,0,1,0,72,1,1,114.1,8086.4,0,1,1,0,0,1,0,1,0,1,0,1,0,1,0,1,0,1,1,0,0,0,0,0.1312100436269039,Low
0,0,1,1,69,1,1,64.15,4254.1,0,1,0,0,0,1,0,0,0,1,0,1,0,0,0,0,0,1,1,0,0,0,0,0.019610768533105803,Low
1,0,1,1,27,0,1,45.85,1246.4,1,0,0,0,0,0,0,1,0,1,0,0,0,0,0,1,1,0,1,0,0,0,0,0.33955910697315855,Medium
0,0,0,1,14,1,1,59.8,824.85,0,0,0,0,0,0,0,0,0,1,0,0,0,1,0,0,0,0,1,0,0,0,1,0.5318340523340394,Medium
1,0,0,0,19,1,1,45.0,865.85,0,0,0,0,0,0,0,0,0,0,0,0,0,0,0,0,0,0,0,0,0,0,0,0.4990113940261887,Medium
0,0,1,0,18,1,1,95.95,1745.5,0,0,1,0,0,0,0,0,0,1,0,0,0,1,0,1,0,0,1,0,0,0,1,0.8042250266245339,High
1,0,1,1,5,1,1,90.35,434.5,0,0,1,0,0,1,0,0,0,1,0,0,0,0,0,1,0,0,0,0,1,0,1,0.7213701060949742,High
1,0,1,1,28,1,0,100.35,2799.0,0,0,1,0,0,0,0,1,0,1,0,0,0,1,0,1,1,0,0,0,0,0,0,0.4339386530360675,Medium
0,0,0,0,30,1,0,74.65,2308.6,0,0,0,0,0,1,0,1,0,1,0,1,0,1,0,0,1,0,1,0,0,0,0,0.10903111335980666,Low
0,1,0,0,71,1,0,104.05,7413.55,0,1,1,0,0,0,0,0,0,1,0,0,0,1,0,1,0,1,0,0,0,0,0,0.229234539295324,Low
1,0,0,0,1,1,1,53.95,53.95,0,0,0,0,0,1,0,0,0,0,0,1,0,0,0,0,0,0,0,1,0,1,1,0.567867676626977,Medium
1,0,1,1,71,1,1,97.2,6910.3,0,1,1,0,0,1,0,0,0,0,0,0,0,1,0,1,0,1,0,1,0,0,0,0.2025409846709588,Low
0,0,1,1,32,1,0,62.45,2045.55,0,1,0,0,0,0,0,1,0,1,0,0,0,0,0,0,0,0,0,0,0,0,0,0.2916745464156368,Low
0,1,0,0,70,1,1,75.5,5212.65,0,1,0,0,0,0,0,1,0,1,0,1,0,1,0,0,0,1,0,0,0,0,0,0.05262168789267277,Low
1,0,0,0,1,1,1,55.25,55.25,0,0,0,0,0,0,0,0,0,0,0,0,0,0,0,1,0,0,0,1,0,0,1,0.7896927379721992,High
1,0,1,1,1,1,1,71.0,71.0,0,0,1,0,0,0,0,0,0,0,0,0,0,0,0,0,0,0,0,1,0,1,1,0.8395342459012588,High
0,1,0,0,4,1,0,48.75,179.85,0,1,0,0,0,0,0,0,0,0,0,0,0,0,0,0,0,0,0,0,1,0,1,0.6505950337197223,High
1,1,1,0,43,1,1,94.3,3953.15,0,1,1,0,0,0,0,1,0,0,0,1,0,1,0,0,0,0,0,1,0,0,1,0.6899834808997666,High
1,0,1,0,72,1,0,92.3,6719.9,0,1,0,0,0,1,0,1,0,1,0,1,0,1,0,1,0,1,1,0,0,0,0,0.03694082051360428,Low
1,1,1,1,72,1,1,114.95,8196.4,0,1,1,0,0,1,0,1,0,1,0,1,0,1,0,1,0,1,0,0,0,0,0,0.12676620179509387,Low
1,1,1,0,4,1,1,74.4,306.6,0,1,1,0,0,0,0,0,0,0,0,0,0,0,0,0,0,0,0,0,1,1,1,0.8601990742713822,High
0,0,0,0,24,1,0,24.6,605.25,0,1,0,1,1,0,1,0,1,0,1,0,1,0,1,0,1,0,0,0,0,0,0,0.12115181724744846,Low
1,1,1,0,1,1,1,95.1,95.1,0,1,1,0,0,0,0,0,0,0,0,0,0,1,0,1,0,0,0,1,0,1,1,0.9384052624768151,High
0,0,0,0,1,1,0,18.85,18.85,0,0,0,1,1,0,1,0,1,0,1,0,1,0,1,0,0,0,0,1,0,0,0,0.4671955600856039,Medium
1,1,0,0,14,1,1,95.6,1273.3,0,1,1,0,0,0,0,0,0,0,0,0,0,1,0,1,0,0,0,1,0,0,1,0.9129479233497525,High
1,1,1,0,36,1,1,84.1,3021.6,0,1,1,0,0,0,0,0,0,0,0,0,0,0,0,1,0,0,0,1,0,1,1,0.8144546031471027,High
1,0,1,1,40,1,1,81.2,3292.3,0,1,1,0,0,0,0,0,0,1,0,0,0,0,0,0,0,0,0,1,0,0,1,0.6680351636859515,High
1,1,0,0,67,1,1,105.05,7171.7,0,0,1,0,0,1,0,1,0,0,0,1,0,1,0,1,0,1,0,1,0,0,0,0.18398485085145075,Low
1,0,1,1,69,1,1,92.15,6480.9,0,0,1,0,0,0,0,1,0,0,0,1,0,1,0,0,0,1,0,0,1,0,0,0.09679326037261682,Low
1,0,0,0,1,1,0,20.6,20.6,0,0,0,1,1,0,1,0,1,0,1,0,1,0,1,0,0,0,0,0,1,0,0,0.3949203998706666,Medium
0,0,0,1,10,0,0,40.25,411.45,1,0,0,0,0,1,0,1,0,0,0,1,0,0,0,0,1,0,0,0,1,0,0,0.20339697763321749,Low
1,0,1,1,55,1,0,57.55,3046.4,0,0,0,0,0,1,0,1,0,0,0,1,0,0,0,0,0,1,0,0,0,1,0,0.014879206699939373,Low
1,0,1,1,68,1,1,113.15,7856.0,0,1,1,0,0,1,0,1,0,1,0,1,0,1,0,1,0,1,0,1,0,1,0,0.16995541330109953,Low
1,1,1,1,66,1,1,99.5,6822.15,0,1,1,0,0,0,0,0,0,1,0,0,0,1,0,1,0,0,1,0,0,1,1,0.6050648828774599,High
0,0,0,0,7,1,1,69.9,497.3,0,0,1,0,0,0,0,0,0,0,0,0,0,0,0,0,0,0,0,0,1,0,1,0.7824354791105788,High
0,0,1,1,10,1,0,20.15,220.8,0,0,0,1,1,0,1,0,1,0,1,0,1,0,1,0,0,1,0,0,1,0,0,0.07748887721947033,Low
1,0,0,0,1,0,0,29.15,29.15,1,0,0,0,0,0,0,0,0,0,0,1,0,0,0,0,0,0,0,0,1,0,1,0.6317222983103449,High
1,0,1,1,55,1,0,19.35,1153.25,0,0,0,1,1,0,1,0,1,0,1,0,1,0,1,0,0,1,0,0,0,0,0,0.011532789842128714,Low
1,0,1,0,45,1,1,107.75,4882.8,0,1,1,0,0,0,0,1,0,1,0,0,0,1,0,1,0,0,0,0,0,0,1,0.7204732289583253,High
0,0,1,0,10,1,1,67.8,653.15,0,0,0,0,0,0,0,0,0,1,0,0,0,1,0,1,0,0,1,0,0,0,1,0.678370278809728,High
0,0,1,0,69,1,1,116.0,8182.85,0,1,1,0,0,1,0,1,0,1,0,1,0,1,0,1,0,1,0,1,0,0,0,0.2096322732035584,Low
0,1,0,0,1,1,1,85.05,85.05,0,1,1,0,0,0,0,0,0,0,0,0,0,0,0,1,0,0,0,1,0,1,1,0.920926782102978,High
0,0,0,0,33,1,0,25.7,826.1,0,1,0,1,1,0,1,0,1,0,1,0,1,0,1,0,0,1,1,0,0,0,0,0.04539633877987577,Low
0,0,0,0,45,1,0,81.65,3618.7,0,0,0,0,0,1,0,0,0,1,0,1,0,1,0,1,0,1,0,0,0,0,0,0.05757232846476614,Low
0,0,0,0,1,1,0,44.75,44.75,0,0,0,0,0,0,0,0,0,0,0,0,0,0,0,0,0,0,0,0,1,0,1,0.5880300035724971,Medium
1,0,0,0,31,1,1,71.05,2168.15,0,1,0,0,0,0,0,1,0,0,0,1,0,1,0,0,0,0,0,1,0,0,1,0.513608699215263,Medium
1,0,1,1,50,1,1,20.35,938.95,0,0,0,1,1,0,1,0,1,0,1,0,1,0,1,0,1,0,0,0,1,0,0,0.041124212069834826,Low
0,0,0,0,57,1,1,87.55,4884.85,0,1,1,0,0,1,0,1,0,0,0,1,0,0,0,0,0,0,0,0,0,0,0,0.28165969638653493,Low
1,0,0,0,1,1,1,74.25,74.25,0,1,1,0,0,0,0,0,0,0,0,0,0,0,0,0,0,0,0,0,1,1,1,0.8493911953062663,High
0,0,0,0,2,1,1,75.8,160.75,0,0,1,0,0,0,0,0,0,1,0,0,0,0,0,0,0,0,0,1,0,1,1,0.8520145721032331,High
1,0,0,0,3,1,1,105.35,323.25,0,1,1,0,0,0,0,1,0,1,0,0,0,1,0,1,0,0,0,0,0,1,1,0.8681772269944242,High
1,1,1,0,67,1,1,94.65,6079.0,0,1,1,0,0,0,0,0,0,0,0,0,0,1,0,1,0,0,1,0,0,0,1,0.6215711382131442,High
0,1,0,0,42,1,1,104.75,4323.45,0,1,1,0,0,0,0,1,0,1,0,0,0,1,0,1,0,0,0,0,0,1,1,0.7372925563927865,High
0,0,1,0,70,1,1,26.0,2006.95,0,1,0,1,1,0,1,0,1,0,1,0,1,0,1,0,0,1,0,0,0,0,0,0.015076283129079904,Low
1,0,1,0,71,1,0,20.85,1539.75,0,0,0,1,1,0,1,0,1,0,1,0,1,0,1,0,1,0,0,1,0,0,0,0.022433053972870137,Low
1,0,0,0,9,1,1,75.85,724.65,0,1,1,0,0,0,0,0,0,0,0,0,0,0,0,0,0,0,0,1,0,0,1,0.8652981770763021,High
1,0,1,1,72,0,0,45.25,3139.8,1,0,0,0,0,1,0,1,0,1,0,1,0,0,0,0,0,1,1,0,0,0,0,0.011332195150698792,Low
1,0,1,1,53,1,1,105.25,5576.3,0,1,1,0,0,0,0,1,0,1,0,0,0,1,0,1,1,0,0,1,0,0,1,0.5352310996746878,Medium
0,1,0,0,19,1,1,105.0,2007.25,0,0,1,0,0,1,0,1,0,0,0,1,0,1,0,1,0,0,0,0,1,0,1,0.6677268707648917,High
0,0,0,0,9,1,0,94.4,857.25,0,1,1,0,0,0,0,0,0,0,0,0,0,1,0,1,0,0,0,1,0,1,1,0.8760442750590836,High
1,0,1,1,72,1,0,105.5,7611.55,0,0,1,0,0,1,0,1,0,0,0,1,0,1,0,1,0,1,0,0,0,0,0,0.061031408440773684,Low
1,0,1,1,20,0,1,39.4,825.4,1,0,0,0,0,1,0,0,0,1,0,1,0,0,0,0,0,1,1,0,0,0,0,0.11789022940167611,Low
0,0,1,1,43,1,0,20.0,817.95,0,0,0,1,1,0,1,0,1,0,1,0,1,0,1,0,1,0,0,0,1,0,0,0.03849398726730528,Low
0,0,0,0,50,1,1,79.6,4024.2,0,1,0,0,0,0,0,1,0,0,0,1,0,1,0,1,0,1,0,0,1,0,0,0.11742303427311493,Low
0,0,1,0,55,1,1,89.8,4959.6,0,1,1,0,0,1,0,0,0,0,0,0,0,1,0,0,0,0,0,0,0,0,0,0.49182992970853706,Medium
1,0,1,0,2,1,1,94.2,167.5,0,0,1,0,0,0,0,0,0,0,0,1,0,1,0,1,0,0,0,1,0,1,1,0.8727008414979686,High
0,0,1,1,9,1,0,20.35,191.1,0,0,0,1,1,0,1,0,1,0,1,0,1,0,1,0,0,1,0,0,1,0,0,0.08065522618554206,Low
1,0,0,0,10,0,1,33.9,298.45,1,0,0,0,0,0,0,0,0,0,0,0,0,0,0,1,0,0,0,0,1,1,1,0.7529431186056104,High
0,0,0,0,71,1,0,77.35,5550.1,0,0,0,0,0,1,0,1,0,1,0,1,0,1,0,0,0,1,1,0,0,0,0,0.017985325271701692,Low
0,0,1,0,32,1,0,84.15,2585.95,0,0,1,0,0,0,0,1,0,0,0,0,0,0,0,1,0,0,0,0,0,1,1,0.5603389157895033,Medium
1,1,1,0,3,1,1,105.9,334.65,0,1,1,0,0,0,0,1,0,1,0,0,0,1,0,1,0,0,0,1,0,1,1,0.9225040431967245,High
1,1,1,0,16,1,1,74.3,1178.25,0,0,1,0,0,0,0,1,0,0,0,0,0,0,0,0,0,0,1,0,0,1,1,0.7270663183709991,High
1,0,0,0,25,1,0,69.75,1729.35,0,0,1,0,0,0,0,0,0,0,0,0,0,0,0,0,0,0,0,1,0,0,1,0.6748456839104588,High
1,0,0,0,38,1,1,70.45,2597.6,0,0,1,0,0,0,0,0,0,0,0,0,0,0,0,0,1,0,0,0,0,1,0,0.3828339126376478,Medium
0,0,0,0,40,1,0,20.15,804.85,0,0,0,1,1,0,1,0,1,0,1,0,1,0,1,0,0,1,0,0,1,0,0,0.027426941335352156,Low
0,0,1,1,61,1,1,24.2,1445.2,0,1,0,1,1,0,1,0,1,0,1,0,1,0,1,0,0,1,0,0,1,0,0,0.016831286505454828,Low
0,0,1,1,25,1,0,20.05,520.1,0,0,0,1,1,0,1,0,1,0,1,0,1,0,1,0,1,0,0,0,1,0,0,0.08115846298771427,Low
0,0,0,1,48,1,1,95.5,4627.85,0,0,1,0,0,0,0,1,0,1,0,1,0,1,0,0,0,1,0,0,1,1,0,0.14587742490310637,Low
0,0,0,0,3,1,1,69.55,222.3,0,0,1,0,0,0,0,0,0,0,0,0,0,0,0,0,0,0,0,0,0,1,1,0.7935101551899748,High
0,0,0,0,63,1,0,108.25,6780.1,0,1,1,0,0,1,0,1,0,1,0,0,0,1,0,1,0,0,1,0,0,0,0,0.40963575356018184,Medium
0,1,0,0,37,1,1,76.25,2841.55,0,1,1,0,0,0,0,0,0,0,0,0,0,0,0,0,0,0,0,1,0,1,1,0.7551025796412042,High
1,0,0,0,1,1,1,49.8,49.8,0,0,0,0,0,1,0,0,0,0,0,0,0,0,0,0,0,0,1,0,0,0,1,0.5602405298154612,Medium
1,0,1,1,17,1,0,80.85,1400.85,0,0,1,0,0,0,0,0,0,0,0,0,0,1,0,0,0,0,0,1,0,1,1,0.7425009313198486,High
1,0,0,0,3,1,1,69.35,191.35,0,0,0,0,0,0,0,0,0,0,0,1,0,1,0,1,0,0,0,1,0,1,1,0.749555826106131,High
0,0,1,0,21,1,1,86.05,1818.9,0,0,1,0,0,0,0,0,0,0,0,1,0,1,0,0,0,0,0,1,0,0,1,0.757431029782117,High
0,0,1,1,67,0,0,36.15,2434.45,1,0,0,0,0,1,0,1,0,0,0,0,0,0,0,0,0,1,0,0,0,0,0,0.01815921343551932,Low
0,0,1,1,34,1,1,20.1,682.1,0,0,0,1,1,0,1,0,1,0,1,0,1,0,1,0,1,0,0,0,0,0,0,0.07334493769619466,Low
1,0,0,0,18,1,1,90.7,1597.25,0,1,1,0,0,0,0,0,0,1,0,0,0,0,0,1,0,0,1,0,0,1,1,0.8033191836523529,High
1,0,1,1,72,1,0,88.7,6501.35,0,1,0,0,0,1,0,1,0,1,0,1,0,1,0,1,0,1,1,0,0,0,0,0.02705787170857318,Low
1,0,1,1,18,1,0,95.15,1779.95,0,0,1,0,0,0,0,0,0,1,0,0,0,1,0,1,0,0,0,0,1,1,1,0.7168956652615971,High
1,0,0,0,3,1,0,75.0,209.1,0,1,1,0,0,0,0,0,0,0,0,0,0,0,0,0,0,0,0,0,1,1,1,0.7913015119330966,High
0,0,0,0,1,1,1,49.95,49.95,0,1,0,0,0,0,0,0,0,0,0,0,0,0,0,0,0,0,0,0,0,1,1,0.7063607951577443,High
1,0,0,0,10,1,1,72.15,794.25,0,1,0,0,0,0,0,0,0,0,0,0,0,1,0,1,0,0,1,0,0,1,1,0.7552426462076001,High
0,0,0,0,10,1,1,20.9,247.0,0,0,0,1,1,0,1,0,1,0,1,0,1,0,1,0,0,0,0,0,1,0,0,0.3798872351505291,Medium
0,0,1,1,29,1,0,20.0,540.05,0,0,0,1,1,0,1,0,1,0,1,0,1,0,1,0,1,0,0,1,0,0,0,0.09396826226840584,Low
0,1,1,0,34,1,1,94.25,3217.55,0,1,1,0,0,0,0,1,0,1,0,0,0,0,0,1,0,0,0,1,0,1,1,0.7982333487989411,High
1,1,1,0,7,1,1,101.95,700.85,0,1,1,0,0,0,0,0,0,1,0,0,0,1,0,1,0,0,0,1,0,1,1,0.9271601056984766,High
1,0,1,1,69,1,0,86.9,6194.1,0,1,0,0,0,1,0,0,0,1,0,1,0,1,0,1,0,1,0,0,0,0,0,0.03538967237660188,Low
0,0,0,0,36,1,0,54.45,1893.5,0,1,0,0,0,1,0,0,0,0,0,0,0,0,0,0,1,0,0,0,1,0,0,0.1393176140202666,Low
1,0,1,0,72,1,0,85.95,6151.9,0,1,0,0,0,0,0,1,0,1,0,1,0,1,0,1,0,1,0,0,0,0,0,0.04853143198862188,Low
0,0,0,0,42,1,1,20.65,958.1,0,0,0,1,1,0,1,0,1,0,1,0,1,0,1,0,1,0,0,0,1,0,0,0.07021221244573811,Low
1,0,0,0,42,1,1,99.0,4298.45,0,1,1,0,0,1,0,1,0,1,0,0,0,0,0,1,1,0,0,1,0,0,0,0.48278627957637293,Medium
1,0,0,0,67,0,0,43.9,3097.2,1,0,0,0,0,1,0,0,0,0,0,1,0,1,0,0,0,1,0,1,0,0,0,0.03857158153142181,Low
0,1,0,0,21,1,1,95.4,2025.1,0,1,1,0,0,0,0,0,0,0,0,0,0,1,0,1,0,0,0,0,0,0,1,0.8513347488659656,High
0,0,0,0,23,1,1,93.5,2341.55,0,1,1,0,0,0,0,0,0,0,0,0,0,1,0,1,0,0,0,1,0,0,1,0.8751890379727452,High
0,0,0,0,15,1,0,86.2,1270.2,0,0,1,0,0,1,0,0,0,0,0,0,0,1,0,0,0,0,0,1,0,1,1,0.7065452732347325,High
0,1,1,0,34,1,0,64.2,2106.3,0,0,0,0,0,0,0,0,0,1,0,1,0,1,0,0,1,0,0,0,0,0,0,0.17164017740776785,Low
1,1,1,0,7,1,1,99.25,665.45,0,1,1,0,0,0,0,0,0,1,0,0,0,1,0,1,0,0,0,1,0,1,1,0.9243273352080216,High
1,0,0,1,9,1,0,20.4,184.1,0,0,0,1,1,0,1,0,1,0,1,0,1,0,1,0,0,0,0,0,1,0,0,0.26848134611091096,Low
0,0,1,0,34,1,0,24.7,780.2,0,1,0,1,1,0,1,0,1,0,1,0,1,0,1,0,0,0,0,1,0,0,0,0.2201361780471335,Low
1,0,0,0,1,0,1,35.55,35.55,1,0,0,0,0,0,0,0,0,0,0,0,0,0,0,1,0,0,0,1,0,1,1,0.8643649409453922,High
0,0,0,0,25,1,0,108.9,2809.05,0,1,1,0,0,0,0,1,0,1,0,1,0,1,0,1,0,1,0,1,0,0,0,0.40532303623428584,Medium
0,0,1,0,72,1,1,115.5,8312.75,0,1,1,0,0,1,0,1,0,1,0,1,0,1,0,1,0,1,0,0,0,0,0,0.13548000886532724,Low
1,0,0,0,1,1,0,20.55,20.55,0,0,0,1,1,0,1,0,1,0,1,0,1,0,1,0,0,0,0,1,0,1,0,0.4799719295853086,Medium
0,0,1,0,60,1,1,99.8,5985.75,0,1,1,0,0,0,0,1,0,0,0,0,0,1,0,1,0,0,0,1,0,0,1,0.7043169628130748,High
1,0,1,0,43,1,1,84.25,3539.25,0,0,1,0,0,1,0,0,0,1,0,1,0,0,0,0,1,0,0,0,0,0,0,0.20683261198687253,Low
1,0,0,0,3,1,0,21.2,52.05,0,0,0,1,1,0,1,0,1,0,1,0,1,0,1,0,1,0,0,0,1,0,0,0.225770946415851,Low
1,1,1,0,72,1,1,84.1,5981.65,0,1,0,0,0,1,0,1,0,1,0,0,0,1,0,1,0,1,1,0,0,0,0,0.06893881739918682,Low
1,0,0,0,2,1,0,45.35,89.5,0,0,0,0,0,0,0,0,0,0,0,0,0,0,0,0,0,0,0,1,0,1,1,0.668757334048199,High
1,0,0,0,10,1,1,98.9,1064.95,0,0,1,0,0,1,0,0,0,1,0,0,0,1,0,1,1,0,0,1,0,0,1,0.706471890808965,High
1,0,0,0,7,1,1,98.05,713.0,0,1,1,0,0,0,0,0,0,1,0,0,0,1,0,1,0,0,0,0,0,1,1,0.8716618525452466,High
0,0,1,0,33,1,1,51.45,1758.9,0,0,0,0,0,0,0,0,0,0,0,1,0,0,0,0,1,0,0,0,1,0,0,0.18339000851982143,Low
1,0,0,0,31,1,1,81.15,2640.55,0,1,1,0,0,0,0,1,0,0,0,0,0,0,0,0,0,0,0,1,0,0,1,0.746021898253021,High
1,1,0,0,38,1,0,94.75,3653.0,0,1,1,0,0,0,0,0,0,0,0,0,0,1,0,1,0,0,0,1,0,0,1,0.7995141932564218,High
0,0,0,0,24,1,1,84.35,1938.05,0,1,1,0,0,1,0,0,0,0,0,1,0,0,0,0,0,0,0,1,0,0,1,0.6395779166277086,High
0,0,0,0,28,1,1,59.55,1646.45,0,0,0,0,0,0,0,0,0,1,0,0,0,1,0,0,0,0,0,0,0,0,0,0.46707352410841163,Medium
1,0,1,1,72,0,0,38.5,2763.0,1,0,0,0,0,1,0,1,0,1,0,0,0,0,0,0,0,1,1,0,0,0,0,0.014644540961005944,Low
0,0,1,0,20,1,0,19.25,375.25,0,0,0,1,1,0,1,0,1,0,1,0,1,0,1,0,0,0,0,0,0,0,0,0.2081629778107796,Low
1,0,0,0,60,1,0,79.0,4801.1,0,0,0,0,0,1,0,0,0,1,0,1,0,1,0,1,1,0,0,0,1,0,0,0.07638533311587405,Low
0,1,0,0,4,1,1,89.2,346.2,0,1,1,0,0,0,0,0,0,1,0,0,0,1,0,0,0,0,0,1,0,1,1,0.9073578062228699,High
0,0,1,0,46,1,0,55.0,2473.95,0,1,0,0,0,1,0,0,0,0,0,0,0,0,0,0,0,0,0,0,0,0,0,0.18636068504314984,Low
1,0,1,1,72,1,0,82.3,5815.15,0,1,0,0,0,1,0,1,0,1,0,1,0,1,0,0,0,1,0,0,0,0,0,0.01924515061083595,Low
0,1,0,0,41,1,1,113.2,4689.5,0,1,1,0,0,1,0,1,0,1,0,0,0,1,0,1,0,0,0,1,0,1,1,0.7651649165702237,High
1,1,1,0,65,1,1,100.75,6674.65,0,1,1,0,0,1,0,0,0,0,0,0,0,1,0,1,1,0,0,1,0,0,0,0.497343781843676,Medium
1,0,1,1,43,0,0,29.3,1224.05,1,0,0,0,0,0,0,1,0,0,0,0,0,0,0,0,0,0,1,0,0,0,0,0.22157847346138299,Low
0,0,0,1,21,1,0,64.85,1336.8,0,0,0,0,0,1,0,0,0,1,0,0,0,0,0,1,1,0,0,0,1,0,0,0.18232236924779255,Low
1,0,1,1,54,1,0,20.4,1090.6,0,0,0,1,1,0,1,0,1,0,1,0,1,0,1,0,0,1,1,0,0,0,0,0.01208461757338419,Low
0,1,1,0,61,1,1,104.4,6405.0,0,1,1,0,0,0,0,1,0,1,0,0,0,1,0,1,1,0,1,0,0,1,0,0.47043811316674927,Medium
1,0,0,0,20,0,1,55.0,1165.55,1,0,0,0,0,1,0,1,0,1,0,1,0,1,0,0,0,0,1,0,0,0,0,0.4382820925090444,Medium
1,0,0,0,69,1,1,105.2,7386.05,0,1,1,0,0,0,0,1,0,0,0,1,0,1,0,1,1,0,0,0,0,0,0,0.3245260778719923,Medium
1,1,0,0,1,1,0,45.2,45.2,0,0,0,0,0,0,0,0,0,0,0,0,0,0,0,0,0,0,0,1,0,0,1,0.7095820721620045,High
1,1,1,0,33,1,1,93.55,3055.5,0,0,1,0,0,1,0,1,0,0,0,1,0,0,0,1,1,0,0,1,0,0,0,0.42689948817233964,Medium
1,0,0,1,19,1,0,20.85,467.5,0,0,0,1,1,0,1,0,1,0,1,0,1,0,1,0,0,1,1,0,0,0,0,0.052542907435533935,Low
1,0,0,0,2,1,0,79.0,143.65,0,0,1,0,0,0,0,0,0,0,0,0,0,1,0,0,0,0,0,1,0,1,1,0.8427242032134645,High
0,0,1,1,13,1,1,63.15,816.8,0,0,0,0,0,1,0,0,0,1,0,0,0,0,0,1,0,0,0,0,1,0,0,0.45797566767873193,Medium
1,0,0,0,1,1,1,45.8,45.8,0,0,0,0,0,0,0,0,0,0,0,0,0,0,0,0,0,0,0,0,1,0,1,0.6769710315489723,High
0,0,1,1,55,1,0,55.7,3131.8,0,0,0,0,0,1,0,1,0,0,0,0,0,0,0,0,0,0,0,1,0,0,0,0.12238361143407295,Low
1,0,0,0,22,1,1,95.1,2162.6,0,1,1,0,0,0,0,0,0,0,0,0,0,1,0,1,0,0,0,1,0,0,1,0.8813481614373674,High
1,1,1,0,27,1,1,75.5,1893.95,0,1,1,0,0,0,0,0,0,0,0,0,0,0,0,0,0,0,0,1,0,1,1,0.8075999537327322,High
1,1,1,0,13,1,1,89.05,1169.35,0,0,1,0,0,0,0,1,0,0,0,1,0,0,0,1,0,0,0,0,0,1,1,0.7296477543752294,High
1,0,1,1,26,1,0,50.35,1285.8,0,0,0,0,0,0,0,0,0,1,0,0,0,0,0,0,1,0,0,0,1,0,0,0.1816981648489891,Low
1,0,1,1,35,1,0,20.1,655.3,0,0,0,1,1,0,1,0,1,0,1,0,1,0,1,0,0,1,0,0,1,0,0,0.028160530307301087,Low
0,1,0,0,56,1,0,104.75,5841.35,0,1,1,0,0,0,0,1,0,1,0,0,0,1,0,1,0,0,0,1,0,0,1,0.6828047467297701,High
1,0,0,0,1,1,1,95.45,95.45,0,1,1,0,0,0,0,0,0,0,0,0,0,1,0,1,0,0,0,1,0,1,1,0.9276685168972223,High
1,1,1,0,1,1,0,74.3,74.3,0,1,1,0,0,0,0,0,0,0,0,0,0,0,0,0,0,0,0,1,0,0,1,0.8713805564318128,High
1,0,0,0,23,1,1,90.6,1943.2,0,1,1,0,0,0,0,0,0,0,0,1,0,1,0,0,0,0,0,1,0,1,1,0.7874691016294427,High
0,0,0,0,7,1,0,75.45,480.75,0,1,1,0,0,0,0,0,0,0,0,0,0,0,0,0,0,0,0,0,1,1,1,0.7646353879691216,High
1,0,1,0,22,1,1,104.6,2180.55,0,0,1,0,0,1,0,1,0,0,0,1,0,1,0,1,0,0,0,1,0,0,1,0.6968749217929895,High
1,0,1,0,56,1,0,59.5,3389.25,0,1,0,0,0,0,0,1,0,1,0,0,0,0,0,0,0,1,1,0,0,0,0,0.05053305703099318,Low
1,0,1,0,71,1,1,82.55,5832.65,0,0,0,0,0,1,0,0,0,1,0,1,0,1,0,1,0,1,0,1,0,0,0,0.06105540098730996,Low
1,0,1,1,59,1,0,19.85,1188.25,0,0,0,1,1,0,1,0,1,0,1,0,1,0,1,0,0,1,0,0,1,0,0,0.010266736331920299,Low
0,0,0,0,18,1,1,96.05,1740.7,0,0,1,0,0,1,0,0,0,0,0,0,0,1,0,1,0,0,0,1,0,1,1,0.8053249810390661,High
1,0,1,0,60,1,1,61.35,3766.2,0,0,0,0,0,1,0,1,0,0,0,1,0,0,0,0,0,1,0,0,1,0,0,0.026702601455493056,Low
0,0,0,0,8,1,0,44.45,369.3,0,0,0,0,0,0,0,0,0,0,0,0,0,0,0,0,0,0,0,0,1,0,1,0.5226925621168825,Medium
1,0,0,0,1,1,1,19.75,19.75,0,0,0,1,1,0,1,0,1,0,1,0,1,0,1,0,0,0,1,0,0,0,0,0.4614140797060987,Medium
0,1,1,0,1,1,1,70.45,70.45,0,0,1,0,0,0,0,0,0,0,0,0,0,0,0,0,0,0,0,0,1,1,1,0.8394801111104147,High
0,0,1,1,28,1,1,82.85,2320.8,0,0,1,0,0,1,0,0,0,0,0,0,0,0,0,1,1,0,0,0,0,0,0,0.37306032368114683,Medium
1,0,0,0,18,1,0,74.15,1387.0,0,1,1,0,0,0,0,0,0,0,0,0,0,0,0,0,0,0,0,0,1,0,1,0.7045711962006675,High
1,0,0,0,24,1,1,90.35,2238.5,0,0,1,0,0,0,0,0,0,0,0,0,0,1,0,1,0,0,0,1,0,1,1,0.844719805344469,High
0,0,1,1,68,0,0,60.3,4109.0,1,0,0,0,0,0,0,1,0,1,0,1,0,1,0,1,0,1,1,0,0,0,0,0.03878477257848042,Low
1,0,1,1,71,1,1,104.65,7288.4,0,0,1,0,0,1,0,1,0,1,0,0,0,1,0,1,1,0,0,0,0,0,0,0.1955848151689122,Low
1,0,1,1,64,1,1,19.7,1274.05,0,0,0,1,1,0,1,0,1,0,1,0,1,0,1,0,0,1,0,0,0,0,0,0.010908896708021,Low
0,0,1,0,72,1,1,110.75,7751.7,0,1,1,0,0,1,0,1,0,1,0,0,0,1,0,1,0,1,0,1,0,0,0,0.23083191514877463,Low
0,1,0,0,69,1,0,110.25,7467.55,0,1,1,0,0,1,0,0,0,1,0,1,0,1,0,1,0,1,1,0,0,0,0,0.12513200356392826,Low
0,0,0,0,67,0,1,53.4,3579.15,1,0,0,0,0,0,0,0,0,1,0,1,0,1,0,1,0,0,1,0,0,0,0,0.23718791611704004,Low
0,1,0,0,20,1,0,80.7,1614.2,0,0,1,0,0,0,0,0,0,0,0,0,0,1,0,0,0,0,0,0,0,0,1,0.7083798641197793,High
0,0,1,1,25,1,1,18.7,383.65,0,0,0,1,1,0,1,0,1,0,1,0,1,0,1,0,0,1,0,0,1,0,0,0.055635636272203824,Low
0,0,0,0,50,1,1,89.7,4304.5,0,0,1,0,0,0,0,0,0,1,0,1,0,0,0,1,0,1,0,0,0,0,0,0.1701975523584625,Low
0,0,1,1,6,1,1,48.95,273.25,0,1,0,0,0,0,0,0,0,0,0,0,0,0,0,0,0,0,1,0,0,0,1,0.6155150417636751,High
0,0,0,1,2,1,1,19.6,35.85,0,0,0,1,1,0,1,0,1,0,1,0,1,0,1,0,0,0,0,1,0,1,0,0.48659167268137216,Medium
0,0,0,0,18,1,0,20.1,407.05,0,0,0,1,1,0,1,0,1,0,1,0,1,0,1,0,1,0,0,0,1,0,0,0.12886181521946038,Low
0,1,0,0,2,1,1,56.55,118.25,0,1,0,0,0,0,0,1,0,0,0,0,0,0,0,0,0,0,1,0,0,0,1,0.7020786076913819,High
1,0,0,0,3,0,1,40.15,130.75,1,0,0,0,0,0,0,0,0,1,0,0,0,1,0,0,0,0,0,0,1,1,1,0.7938162679090942,High
0,0,0,1,9,1,1,69.4,571.45,0,0,0,0,0,0,0,0,0,0,0,1,0,1,0,1,0,0,1,0,0,0,1,0.5576210274258009,Medium
1,0,0,0,1,1,1,69.9,69.9,0,0,1,0,0,0,0,0,0,0,0,0,0,0,0,0,0,0,0,1,0,1,1,0.8638754597181569,High
0,0,0,0,70,1,1,113.65,7939.25,0,1,1,0,0,1,0,1,0,1,0,1,0,1,0,1,0,1,0,0,0,0,0,0.1317640782911783,Low
0,0,0,0,46,1,0,96.05,4399.5,0,1,1,0,0,0,0,0,0,0,0,0,0,1,0,1,0,0,0,0,0,1,1,0.6440812548906364,High
0,0,0,0,15,1,1,48.8,720.1,0,1,0,0,0,0,0,0,0,0,0,0,0,0,0,0,0,0,0,0,1,0,1,0.5997698334030674,Medium
0,0,0,0,53,1,0,19.85,1049.6,0,0,0,1,1,0,1,0,1,0,1,0,1,0,1,0,0,1,1,0,0,0,0,0.014848819268568255,Low
0,0,0,0,1,1,1,55.4,55.4,0,0,0,0,0,0,0,0,0,0,0,0,0,0,0,1,0,0,0,1,0,1,1,0.7850095883677285,High
0,0,0,0,29,1,0,19.35,601.6,0,0,0,1,1,0,1,0,1,0,1,0,1,0,1,0,0,0,1,0,0,0,0,0.1500587892225651,Low
0,0,0,0,1,1,1,77.15,77.15,0,1,1,0,0,0,0,0,0,0,0,0,0,0,0,0,0,0,0,1,0,1,1,0.8893005893485814,High
1,0,0,0,69,0,1,60.05,4176.7,1,0,0,0,0,1,0,1,0,0,0,1,0,1,0,1,0,1,0,0,0,0,0,0.04541081103845748,Low
1,1,1,0,63,0,0,36.1,2298.9,1,0,0,0,0,1,0,0,0,0,0,1,0,0,0,0,1,0,0,0,0,0,0,0.05119580916885855,Low
1,1,0,0,51,1,0,25.0,1260.7,0,1,0,1,1,0,1,0,1,0,1,0,1,0,1,0,1,0,0,0,0,0,0,0.050607316034471675,Low
1,0,1,0,64,1,1,73.55,4764.0,0,0,1,0,0,1,0,0,0,0,0,0,0,0,0,0,0,0,0,0,1,0,0,0.2928955634901531,Low
0,0,1,1,52,1,1,84.05,4326.8,0,0,1,0,0,1,0,0,0,1,0,1,0,0,0,0,0,0,0,0,0,0,0,0.24337911639422613,Low
1,0,1,1,70,0,0,59.5,4144.8,1,0,0,0,0,1,0,0,0,1,0,1,0,1,0,1,0,1,0,0,0,0,0,0.02812039470080542,Low
1,0,1,1,9,1,0,54.8,452.8,0,0,0,0,0,0,0,1,0,0,0,1,0,0,0,0,0,0,0,0,1,0,0,0.3454390758877008,Medium
0,0,0,0,3,1,0,83.75,247.25,0,0,1,0,0,0,0,1,0,0,0,0,0,1,0,0,0,0,0,1,0,1,1,0.8111825909072407,High
1,0,1,0,70,1,1,74.8,5315.8,0,1,0,0,0,1,0,0,0,1,0,1,0,0,0,1,0,1,1,0,0,0,0,0.038525204063499484,Low
1,0,0,0,21,1,1,84.1,1737.45,0,1,1,0,0,0,0,0,0,0,0,0,0,0,0,1,0,0,0,1,0,0,1,0.8496970179836821,High
0,1,0,0,5,1,1,75.55,349.65,0,0,1,0,0,0,0,0,0,1,0,0,0,0,0,0,0,0,1,0,0,1,1,0.801529826459954,High
1,0,0,0,20,1,1,108.2,2203.7,0,0,1,0,0,1,0,1,0,1,0,1,0,1,0,1,0,0,0,0,0,0,1,0.6074365348403523,High
0,1,1,0,72,1,1,109.75,8075.35,0,1,1,0,0,1,0,0,0,1,0,1,0,1,0,1,0,1,0,0,1,0,0,0.17680707054836875,Low
1,0,1,1,72,1,0,20.3,1401.15,0,0,0,1,1,0,1,0,1,0,1,0,1,0,1,0,0,1,0,0,0,0,0,0.005522676302847096,Low
0,1,0,0,2,1,1,70.65,142.35,0,0,1,0,0,0,0,0,0,0,0,0,0,0,0,0,0,0,0,1,0,1,1,0.8755091909670647,High
0,0,1,1,23,1,1,75.3,1702.9,0,0,1,0,0,0,0,0,0,1,0,0,0,0,0,0,0,0,1,0,0,0,1,0.6163133534570887,High
0,0,0,0,4,1,0,20.95,85.5,0,0,0,1,1,0,1,0,1,0,1,0,1,0,1,0,0,0,0,0,0,1,0,0.34536609441271815,Medium
1,0,0,0,32,1,1,80.35,2596.15,0,1,1,0,0,0,0,1,0,0,0,0,0,0,0,0,0,0,0,0,0,1,1,0.6466143041444752,High
0,0,0,0,36,1,1,89.65,3348.1,0,1,0,0,0,1,0,0,0,1,0,1,0,1,0,1,1,0,1,0,0,0,0,0.2472988099195846,Low
1,0,0,0,24,1,1,49.7,1218.25,0,0,0,0,0,0,0,1,0,0,0,0,0,0,0,0,0,0,0,0,1,0,0,0.4324004254209434,Medium
1,0,0,0,6,1,1,49.5,312.7,0,0,0,0,0,0,0,0,0,0,0,1,0,0,0,0,0,0,1,0,0,0,1,0.5304303164461578,Medium
1,0,1,1,23,1,0,59.7,1414.2,0,1,0,0,0,0,0,1,0,0,0,1,0,0,0,0,0,1,0,0,1,0,0,0.09265978295250335,Low
0,0,1,1,48,1,0,20.65,1057.0,0,0,0,1,1,0,1,0,1,0,1,0,1,0,1,0,0,1,0,0,0,0,0,0.015475009682977056,Low
0,0,0,0,28,1,1,54.9,1505.15,0,1,0,0,0,0,0,0,0,0,0,1,0,0,0,0,0,0,1,0,0,0,0,0.3893932203246418,Medium
1,1,0,0,52,0,1,49.15,2550.9,1,0,0,0,0,0,0,1,0,0,0,0,0,1,0,1,0,0,0,1,0,1,1,0.5424305797108814,Medium
0,0,0,0,3,1,1,74.95,212.4,0,1,1,0,0,0,0,0,0,0,0,0,0,0,0,0,0,0,0,1,0,0,1,0.8798677323221538,High
0,0,0,0,2,1,0,80.55,184.1,0,0,1,0,0,0,0,0,0,0,0,0,0,0,0,1,0,0,0,1,0,1,1,0.8459888222712907,High
1,0,0,0,4,1,0,19.95,68.2,0,0,0,1,1,0,1,0,1,0,1,0,1,0,1,0,1,0,0,0,1,0,0,0.21554599801097973,Low
1,0,0,0,5,1,1,69.7,316.9,0,0,1,0,0,0,0,0,0,0,0,0,0,0,0,0,0,0,0,1,0,1,1,0.8467975208865584,High
0,1,0,0,1,1,1,69.6,69.6,0,0,1,0,0,0,0,0,0,0,0,0,0,0,0,0,0,0,0,1,0,1,1,0.8775122582400349,High
1,0,1,1,66,1,1,19.75,1344.5,0,0,0,1,1,0,1,0,1,0,1,0,1,0,1,0,0,1,0,0,1,0,0,0.010694090387856885,Low
0,0,1,0,52,1,1,102.7,5138.1,0,1,1,0,0,0,0,1,0,0,0,1,0,1,0,1,0,0,1,0,0,0,1,0.565828082871145,Medium
0,0,0,0,1,0,0,24.6,24.6,1,0,0,0,0,0,0,0,0,0,0,0,0,0,0,0,0,0,0,1,0,1,1,0.77316463542365,High
1,0,0,0,35,1,1,89.2,3251.3,0,0,1,0,0,1,0,0,0,0,0,1,0,0,0,1,1,0,0,1,0,0,0,0.4129959690261662,Medium
1,0,1,0,3,1,1,55.8,154.55,0,0,0,0,0,0,0,0,0,1,0,1,0,0,0,0,0,0,0,0,1,0,1,0.5682107488453976,Medium
0,1,0,0,66,1,1,102.85,6976.75,0,1,1,0,0,0,0,0,0,1,0,1,0,1,0,1,1,0,1,0,0,0,0,0.384102422745828,Medium
0,0,0,0,59,1,0,68.7,4070.95,0,1,0,0,0,1,0,0,0,0,0,1,0,0,0,1,1,0,0,0,0,0,0,0.0674989457308713,Low
1,0,1,1,52,1,0,25.75,1345.85,0,1,0,1,1,0,1,0,1,0,1,0,1,0,1,0,0,1,0,0,1,0,0,0.01883175215717403,Low
0,0,0,0,8,1,1,73.5,632.2,0,1,1,0,0,0,0,0,0,0,0,0,0,0,0,0,0,0,0,1,0,0,1,0.8615502875062652,High
0,0,0,0,5,1,1,53.8,283.95,0,1,0,0,0,1,0,0,0,0,0,0,0,0,0,0,0,0,0,1,0,0,1,0.6688530260828822,High
1,0,0,0,4,0,1,44.55,174.3,1,0,0,0,0,0,0,0,0,0,0,0,0,1,0,1,0,0,0,1,0,1,1,0.8745462317251016,High
1,0,1,1,50,1,1,70.5,3486.65,0,1,0,0,0,1,0,0,0,0,0,1,0,1,0,0,0,1,1,0,0,0,0,0.05387599035851179,Low
1,0,1,1,62,1,0,108.15,6825.65,0,0,1,0,0,1,0,1,0,1,0,1,0,1,0,1,0,1,0,0,1,0,0,0.07923413054432255,Low
0,0,0,0,61,1,0,19.45,1336.35,0,0,0,1,1,0,1,0,1,0,1,0,1,0,1,0,1,0,0,0,0,0,0,0.02148710143448136,Low
1,0,1,1,55,1,0,85.5,4713.4,0,1,1,0,0,0,0,0,0,0,0,0,0,0,0,1,0,0,0,0,0,0,0,0.45915866248459225,Medium
1,0,0,0,5,1,0,20.05,95.55,0,0,0,1,1,0,1,0,1,0,1,0,1,0,1,0,0,0,1,0,0,0,0,0.3395036760219615,Medium
0,0,1,1,35,1,1,54.95,1916.0,0,0,0,0,0,1,0,0,0,0,0,1,0,0,0,0,1,0,0,0,0,0,0,0.09211881793305811,Low
1,0,0,1,22,1,1,89.1,1949.4,0,1,1,0,0,0,0,1,0,0,0,0,0,1,0,0,0,0,1,0,0,0,1,0.7124998903278209,High
1,0,0,0,57,0,0,53.35,3090.05,1,0,0,0,0,0,0,0,0,1,0,1,0,1,0,1,0,1,1,0,0,0,0,0.07335768713551123,Low
1,1,1,0,57,1,1,95.25,5427.05,0,1,1,0,0,0,0,1,0,1,0,0,0,0,0,1,0,0,0,0,0,1,1,0.6001283962876047,High
0,0,1,0,64,1,0,19.45,1225.65,0,0,0,1,1,0,1,0,1,0,1,0,1,0,1,0,0,1,1,0,0,0,0,0.009353661884215337,Low
0,0,0,0,26,1,1,95.85,2475.35,0,0,1,0,0,1,0,0,0,1,0,1,0,0,0,1,1,0,0,0,0,0,0,0.36316139706085115,Medium
0,1,1,0,39,1,0,99.1,3877.95,0,0,1,0,0,1,0,1,0,0,0,0,0,1,0,1,1,0,0,0,1,0,0,0.37046153097353585,Medium
0,0,1,0,19,1,1,59.8,1130.85,0,0,0,0,0,0,0,1,0,0,0,0,0,0,0,1,0,0,0,0,1,0,1,0.5449769874454915,Medium
1,0,1,0,31,1,0,93.8,3019.5,0,1,1,0,0,0,0,1,0,1,0,0,0,1,0,0,0,0,0,1,0,1,1,0.7263308976586178,High
0,0,1,1,6,1,0,19.85,119.3,0,0,0,1,1,0,1,0,1,0,1,0,1,0,1,0,0,0,0,0,1,0,0,0.29134974011354825,Low
1,0,0,0,52,1,1,89.45,4577.75,0,1,1,0,0,0,0,0,0,1,0,0,0,0,0,1,0,1,1,0,0,0,0,0.2708025224086309,Low
1,0,1,1,53,1,0,85.7,4616.1,0,1,0,0,0,1,0,0,0,1,0,1,0,1,0,1,0,0,0,1,0,0,0,0.25387923949004065,Low
0,1,0,0,56,1,1,111.95,6418.9,0,1,1,0,0,0,0,1,0,1,0,1,0,1,0,1,1,0,0,1,0,1,1,0.5431490248041277,Medium
1,0,1,1,56,1,1,75.85,4261.2,0,1,0,0,0,1,0,1,0,0,0,1,0,0,0,1,0,1,1,0,0,0,0,0.04260723565451872,Low
1,0,1,1,49,1,1,99.8,4872.45,0,1,1,0,0,0,0,0,0,1,0,0,0,1,0,1,0,0,0,1,0,1,1,0.7423757335698496,High
1,0,0,1,39,1,0,25.0,1004.35,0,1,0,1,1,0,1,0,1,0,1,0,1,0,1,0,0,1,0,0,1,0,0,0.031034071781292253,Low
0,0,1,1,61,1,1,99.15,6010.05,0,1,1,0,0,0,0,1,0,0,0,0,0,1,0,1,0,0,0,1,0,1,1,0.6431408236643887,High
0,0,1,0,43,0,0,34.0,1505.35,1,0,0,0,0,1,0,0,0,0,0,1,0,0,0,0,0,0,0,0,0,0,0,0.16393772780112056,Low
0,0,0,0,5,1,0,19.55,99.6,0,0,0,1,1,0,1,0,1,0,1,0,1,0,1,0,1,0,0,1,0,0,0,0.26500661084324645,Low
0,0,0,0,11,1,0,20.3,246.3,0,0,0,1,1,0,1,0,1,0,1,0,1,0,1,0,0,0,0,0,0,0,0,0.2798841599988845,Low
1,0,0,0,2,1,0,24.85,62.0,0,1,0,1,1,0,1,0,1,0,1,0,1,0,1,0,0,0,0,0,1,0,0,0.44073621240153305,Medium
0,0,0,0,13,1,1,96.65,1244.5,0,1,1,0,0,1,0,1,0,0,0,0,0,1,0,0,0,0,0,1,0,1,1,0.8002061069066975,High
1,0,1,1,72,1,0,81.0,5750.0,0,1,0,0,0,1,0,1,0,1,0,1,0,0,0,1,0,1,1,0,0,0,0,0.019182802597398237,Low
0,1,0,0,46,1,1,69.1,3255.35,0,1,0,0,0,0,0,0,0,1,0,1,0,0,0,1,1,0,1,0,0,0,0,0.21258831406804218,Low
1,0,1,0,71,1,1,108.55,7616.0,0,1,1,0,0,1,0,0,0,1,0,1,0,1,0,1,0,1,1,0,0,0,0,0.14303465582056452,Low
0,0,0,0,36,1,1,87.55,3078.1,0,0,1,0,0,0,0,0,0,1,0,1,0,0,0,1,0,0,0,1,0,1,1,0.6488407671507014,High
1,0,1,0,64,1,1,108.5,6880.85,0,1,1,0,0,1,0,0,0,1,0,1,0,1,0,1,1,0,0,0,1,0,0,0.29667511966389265,Low
0,0,0,0,1,1,0,75.3,75.3,0,0,1,0,0,1,0,0,0,0,0,0,0,0,0,0,0,0,0,0,1,1,1,0.6699585084962106,High
0,0,1,0,15,1,1,84.3,1308.4,0,0,1,0,0,0,0,0,0,1,0,0,0,1,0,0,0,0,0,1,0,1,1,0.832466068341885,High
1,0,1,0,36,1,0,20.0,666.75,0,0,0,1,1,0,1,0,1,0,1,0,1,0,1,0,1,0,0,0,1,0,0,0.06538678661759244,Low
0,0,1,1,6,0,0,40.55,217.5,1,0,0,0,0,0,0,1,0,1,0,1,0,0,0,0,0,1,0,0,1,0,0,0.18026581376558035,Low
1,0,1,0,30,1,1,50.0,1474.9,0,0,0,0,0,0,0,0,0,1,0,0,0,0,0,0,0,0,0,0,1,0,0,0.41019003033252927,Medium
1,0,0,0,1,1,1,59.85,59.85,0,1,0,0,0,0,0,0,0,0,0,0,0,1,0,0,0,0,0,1,0,1,1,0.8218246051156242,High
1,0,0,0,13,1,1,80.85,1008.7,0,0,1,0,0,0,0,0,0,0,0,0,0,0,0,1,0,0,0,1,0,1,1,0.8503149946098949,High
1,0,1,1,61,1,0,20.4,1226.45,0,0,0,1,1,0,1,0,1,0,1,0,1,0,1,0,1,0,0,0,1,0,0,0.018902560165168305,Low
1,0,1,1,72,1,1,107.7,7919.8,0,1,1,0,0,1,0,1,0,0,0,1,0,1,0,1,0,1,1,0,0,0,0,0.10697677070597518,Low
0,0,1,1,67,1,0,74.0,4868.4,0,1,0,0,0,1,0,1,0,0,0,1,0,1,0,0,0,1,1,0,0,0,0,0.019425090757899333,Low
0,0,0,0,34,1,1,79.95,2727.3,0,0,0,0,0,1,0,0,0,1,0,1,0,1,0,1,1,0,0,0,0,0,0,0.1899717197354492,Low
0,0,1,0,72,1,0,20.5,1502.25,0,0,0,1,1,0,1,0,1,0,1,0,1,0,1,0,0,1,1,0,0,0,0,0.006901458495178586,Low
1,0,1,0,46,1,0,65.65,3047.15,0,0,0,0,0,1,0,1,0,1,0,1,0,0,0,0,0,1,0,0,1,0,0,0.02960861407465804,Low
0,0,0,0,7,1,1,75.1,552.95,0,1,1,0,0,0,0,0,0,0,0,0,0,0,0,0,0,0,0,0,0,1,1,0.8133675998960254,High
0,1,0,0,7,1,0,76.45,503.6,0,0,1,0,0,1,0,0,0,0,0,0,0,0,0,0,0,0,0,0,0,1,1,0.651916542871383,High
1,0,1,0,72,1,1,67.8,4804.65,0,1,0,0,0,1,0,1,0,1,0,1,0,0,0,0,0,1,0,0,0,0,0,0.020737598407675053,Low
0,0,1,1,32,1,1,86.1,2723.75,0,0,1,0,0,0,0,1,0,0,0,0,0,1,0,0,0,0,0,1,0,0,1,0.6875913837748604,High
1,0,0,0,39,1,1,53.85,2200.7,0,1,0,0,0,0,0,0,0,0,0,1,0,0,0,0,0,1,1,0,0,0,0,0.0973996829781658,Low
1,0,1,1,47,1,1,96.1,4391.45,0,0,1,0,0,1,0,1,0,1,0,0,0,0,0,1,1,0,0,1,0,0,0,0.3310561541564239,Medium
0,1,1,0,50,1,1,95.05,4888.7,0,1,1,0,0,0,0,1,0,1,0,0,0,1,0,0,0,0,0,1,0,1,1,0.7245325845889842,High
1,0,1,1,58,1,1,19.55,1108.8,0,0,0,1,1,0,1,0,1,0,1,0,1,0,1,0,1,0,0,1,0,0,0,0.04089394359708208,Low
0,0,0,0,41,1,1,81.3,3190.65,0,1,1,0,0,1,0,0,0,0,0,0,0,0,0,0,0,0,1,0,0,0,1,0.5063168313533596,Medium
0,1,1,0,4,1,1,83.25,308.05,0,1,1,0,0,0,0,0,0,0,0,0,0,1,0,0,0,0,0,1,0,0,1,0.911694115753221,High
0,0,1,1,32,1,0,61.4,1864.65,0,0,0,0,0,1,0,1,0,0,0,1,0,0,0,0,0,0,0,0,0,0,0,0.12806895232633708,Low
1,0,0,0,1,1,0,20.75,20.75,0,0,0,1,1,0,1,0,1,0,1,0,1,0,1,0,0,0,1,0,0,0,0,0.38153108263235186,Medium
1,0,0,0,19,1,0,19.65,358.15,0,0,0,1,1,0,1,0,1,0,1,0,1,0,1,0,0,1,0,0,1,0,0,0.06634426679609948,Low
0,1,1,0,62,1,1,104.85,6312.9,0,1,1,0,0,1,0,0,0,1,0,0,0,1,0,1,1,0,0,1,0,0,0,0.48998455621785686,Medium
0,0,0,0,1,1,0,74.1,74.1,0,0,0,0,0,0,0,0,0,1,0,1,0,1,0,1,1,0,1,0,0,0,0,0.40373910186212686,Medium
0,0,0,0,12,1,1,61.65,713.75,0,1,0,0,0,1,0,0,0,1,0,1,0,0,0,0,0,0,0,0,1,1,0,0.4195354863953121,Medium
0,0,1,0,48,0,1,45.3,2145.0,1,0,0,0,0,1,0,0,0,1,0,0,0,0,0,1,0,0,0,0,0,1,0,0.3070120368338888,Medium
0,0,0,1,3,1,1,64.5,177.4,0,0,0,0,0,1,0,0,0,0,0,1,0,0,0,1,0,0,0,0,0,0,0,0.44727299337689996,Medium
0,0,1,0,40,1,1,78.85,3126.85,0,1,1,0,0,0,0,0,0,0,0,1,0,0,0,0,0,0,1,0,0,0,1,0.528315659363767,Medium
1,0,0,0,19,0,1,25.15,468.35,1,0,0,0,0,0,0,0,0,0,0,0,0,0,0,0,0,0,0,0,0,0,1,0.608145569733159,High
0,0,0,0,1,1,1,70.25,70.25,0,0,1,0,0,0,0,0,0,0,0,0,0,0,0,0,0,0,0,1,0,1,1,0.8608542545181878,High
0,0,1,1,67,1,1,24.9,1680.25,0,1,0,1,1,0,1,0,1,0,1,0,1,0,1,0,0,1,0,0,1,0,0,0.013487738658253286,Low
0,0,1,1,16,1,0,100.7,1522.7,0,0,1,0,0,1,0,0,0,1,0,0,0,1,0,1,0,0,0,0,0,0,1,0.6124036172375149,High
0,0,0,0,1,1,1,19.55,19.55,0,0,0,1,1,0,1,0,1,0,1,0,1,0,1,0,0,0,0,0,1,0,0,0.4678541806113519,Medium
0,0,0,1,21,0,0,53.15,1183.2,1,0,0,0,0,1,0,1,0,1,0,1,0,1,0,0,0,1,0,0,1,0,0,0.09280234463810043,Low
0,1,1,1,29,0,1,35.65,1025.15,1,0,0,0,0,0,0,1,0,1,0,0,0,0,0,0,0,0,0,0,1,0,0,0.4639401700761306,Medium
1,1,1,1,20,1,0,94.3,1818.3,0,0,1,0,0,1,0,0,0,1,0,1,0,0,0,1,1,0,1,0,0,0,0,0.3093122419257104,Medium
0,0,1,0,13,1,0,94.1,1215.6,0,1,1,0,0,0,0,1,0,1,0,0,0,1,0,0,0,0,0,1,0,1,1,0.8033341639750565,High
1,0,1,1,9,0,1,29.95,248.95,1,0,0,0,0,0,0,1,0,0,0,0,0,0,0,0,0,0,0,1,0,1,1,0.710977588066283,High
1,0,1,0,51,1,1,83.25,4089.45,0,0,0,0,0,1,0,1,0,1,0,1,0,1,0,1,0,1,1,0,0,0,0,0.057925613339668516,Low
1,0,1,1,60,1,1,79.05,4663.4,0,0,0,0,0,1,0,1,0,0,0,1,0,1,0,1,0,0,1,0,0,0,0,0.13777814959912335,Low
0,1,0,0,20,1,1,79.15,1520.9,0,1,1,0,0,1,0,0,0,0,0,0,0,0,0,0,0,0,0,1,0,1,1,0.7665173220039173,High
1,0,0,0,9,0,1,34.7,296.1,1,0,0,0,0,0,0,0,0,0,0,0,0,1,0,0,0,0,1,0,0,1,1,0.7477175256685664,High
0,1,1,0,8,1,1,80.65,633.3,0,1,1,0,0,0,0,1,0,0,0,0,0,0,0,0,0,0,1,0,0,1,1,0.8119772206883035,High
1,0,1,0,63,1,0,79.8,5034.05,0,1,0,0,0,0,0,0,0,1,0,1,0,1,0,1,0,1,1,0,0,0,0,0.06628424241981674,Low
0,0,1,1,10,1,1,65.9,660.05,0,0,0,0,0,0,0,1,0,1,0,0,0,0,0,1,1,0,0,0,1,0,0,0.3806919957069348,Medium
0,0,0,0,3,1,1,69.95,220.45,0,0,0,0,0,0,0,0,0,1,0,0,0,1,0,1,1,0,0,1,0,0,1,0.6612848462498985,High
1,0,1,1,44,1,0,20.6,926.0,0,0,0,1,1,0,1,0,1,0,1,0,1,0,1,0,1,0,0,0,0,0,0,0.03685342438228942,Low
1,0,1,1,8,1,1,51.3,411.6,0,0,0,0,0,1,0,0,0,0,0,0,0,0,0,0,0,0,1,0,0,0,0,0.450340900613085,Medium
1,0,1,1,61,1,1,106.0,6547.7,0,1,1,0,0,1,0,1,0,0,0,0,0,1,0,1,1,0,0,1,0,1,0,0.4032059609112276,Medium
0,0,1,1,43,1,1,99.3,4209.95,0,1,1,0,0,0,0,0,0,1,0,0,0,1,0,1,0,0,0,0,0,0,1,0.68031047061412,High
1,0,1,0,43,1,1,56.35,2391.15,0,0,0,0,0,0,0,0,0,0,0,0,0,1,0,0,1,0,0,0,1,0,0,0.22760161593341405,Low
0,0,0,0,5,1,1,50.6,249.95,0,1,0,0,0,0,0,0,0,0,0,0,0,0,0,0,0,0,0,0,1,1,1,0.68967145939846,High
1,0,1,1,29,1,0,69.05,1958.45,0,1,0,0,0,1,0,0,0,0,0,1,0,1,0,0,1,0,0,0,0,0,0,0.13412087232233744,Low
1,1,1,0,54,1,1,99.05,5295.7,0,1,1,0,0,0,0,0,0,1,0,0,0,1,0,1,0,0,1,0,0,0,1,0.7074291508745892,High
1,0,1,0,50,1,1,98.25,4858.7,0,1,1,0,0,0,0,1,0,0,0,0,0,1,0,1,1,0,0,1,0,0,1,0.5939206665392944,Medium
0,0,0,0,68,1,1,88.15,6148.45,0,1,0,0,0,1,0,1,0,1,0,1,0,1,0,1,0,1,0,1,0,0,0,0.07219685932900644,Low
0,1,1,1,1,1,1,69.25,69.25,0,0,1,0,0,0,0,0,0,0,0,0,0,0,0,0,0,0,0,1,0,1,1,0.8529266548274,High
0,0,1,1,72,1,1,108.3,7679.65,0,0,1,0,0,1,0,1,0,1,0,1,0,1,0,1,0,1,0,0,0,0,0,0.07687779133628415,Low
0,0,0,0,55,1,1,73.1,4144.9,0,1,1,0,0,0,0,0,0,0,0,0,0,0,0,0,0,0,0,1,0,0,1,0.5900322624191433,Medium
1,0,0,0,3,1,1,70.3,220.4,0,0,1,0,0,0,0,0,0,0,0,0,0,0,0,0,0,0,0,0,1,0,1,0.8090404246424636,High
1,0,0,0,1,1,0,19.05,19.05,0,0,0,1,1,0,1,0,1,0,1,0,1,0,1,0,0,0,0,0,1,0,0,0.3902693229762395,Medium
0,0,1,1,7,1,0,19.85,144.15,0,0,0,1,1,0,1,0,1,0,1,0,1,0,1,0,0,1,0,0,1,0,0,0.08667920780424977,Low
1,1,0,0,9,1,1,84.4,732.5,0,1,1,0,0,0,0,0,0,0,0,0,0,0,0,1,0,0,1,0,0,1,1,0.8622385345719695,High
1,0,0,0,37,0,0,35.8,1316.9,1,0,0,0,0,0,0,0,0,0,0,0,0,1,0,0,0,1,1,0,0,0,0,0.14536800662519006,Low
1,0,1,1,62,1,0,86.1,5215.25,0,0,0,0,0,1,0,1,0,1,0,1,0,1,0,1,0,1,0,1,0,0,0,0.03945910788229368,Low
0,0,1,1,56,1,1,61.3,3346.8,0,0,0,0,0,1,0,1,0,1,0,0,0,0,0,0,0,1,1,0,0,0,0,0.029250707557256752,Low
0,0,1,1,27,1,0,24.5,761.95,0,1,0,1,1,0,1,0,1,0,1,0,1,0,1,0,0,1,0,1,0,0,0,0.06972743453989824,Low
0,0,1,1,49,1,1,87.2,4345.0,0,0,0,0,0,1,0,1,0,1,0,1,0,1,0,1,1,0,0,0,1,0,0,0.11011715257514179,Low
1,0,1,1,28,1,1,20.3,487.95,0,0,0,1,1,0,1,0,1,0,1,0,1,0,1,0,0,1,1,0,0,0,0,0.049266181326722565,Low
1,0,0,0,5,1,0,20.65,93.55,0,0,0,1,1,0,1,0,1,0,1,0,1,0,1,0,0,0,0,0,0,0,0,0.3409356683783294,Medium
0,0,0,0,56,1,0,19.7,1051.9,0,0,0,1,1,0,1,0,1,0,1,0,1,0,1,0,0,1,0,0,0,0,0,0.012874086859941403,Low
0,0,1,1,72,1,1,70.45,5165.7,0,1,0,0,0,1,0,1,0,1,0,1,0,0,0,0,0,1,0,0,0,0,0,0.017973670111058306,Low
